/*
 Navicat Premium Dump SQL

 Source Server         : docker-mysql
 Source Server Type    : MySQL
 Source Server Version : 80044 (8.0.44)
 Source Host           : localhost:13306
 Source Schema         : codenexus

 Target Server Type    : MySQL
 Target Server Version : 80044 (8.0.44)
 File Encoding         : 65001

 Date: 09/05/2026 03:36:22
*/

SET NAMES utf8mb4;
SET FOREIGN_KEY_CHECKS = 0;

-- ----------------------------
-- Table structure for arena_room
-- ----------------------------
DROP TABLE IF EXISTS `arena_room`;
CREATE TABLE `arena_room`  (
  `id` bigint NOT NULL AUTO_INCREMENT COMMENT '物理主键',
  `room_code` varchar(8) CHARACTER SET utf8mb4 COLLATE utf8mb4_unicode_ci NOT NULL COMMENT '房间短码 (如: A8X9P2)，用于前端分享与URL展示',
  `room_type` tinyint NOT NULL COMMENT '房间类型: 1-私人邀请, 2-公开大厅, 3-天梯匹配',
  `password` varchar(64) CHARACTER SET utf8mb4 COLLATE utf8mb4_unicode_ci NULL DEFAULT NULL COMMENT '房间密码 (仅私人/公开房间有效，匹配房间为空)',
  `problem_id` bigint NULL DEFAULT NULL COMMENT '题目ID (如果是匹配模式，由系统随选填入)',
  `status` varchar(16) CHARACTER SET utf8mb4 COLLATE utf8mb4_unicode_ci NOT NULL DEFAULT 'WAITING' COMMENT '状态: WAITING(等待中), BATTLING(战斗中), FINISHED(已结束), DISMISSED(已解散)',
  `creator_id` bigint NOT NULL COMMENT '房主ID (如果是天梯匹配，则为系统分配的先手玩家或系统ID)',
  `create_time` datetime NOT NULL DEFAULT CURRENT_TIMESTAMP COMMENT '创建时间',
  `update_time` datetime NOT NULL DEFAULT CURRENT_TIMESTAMP ON UPDATE CURRENT_TIMESTAMP COMMENT '更新时间',
  `is_deleted` tinyint NOT NULL DEFAULT 0 COMMENT '逻辑删除(0-未删除, 1-已删除)',
  PRIMARY KEY (`id`) USING BTREE,
  UNIQUE INDEX `uk_room_code`(`room_code` ASC) USING BTREE,
  INDEX `idx_status`(`status` ASC) USING BTREE
) ENGINE = InnoDB AUTO_INCREMENT = 210 CHARACTER SET = utf8mb4 COLLATE = utf8mb4_unicode_ci COMMENT = '竞技场房间表' ROW_FORMAT = Dynamic;

-- ----------------------------
-- Records of arena_room
-- ----------------------------
INSERT INTO `arena_room` VALUES (1, '7A4RDH', 1, NULL, 20, 'DISMISSED', 3, '2026-03-29 19:15:23', '2026-05-07 08:17:26', 0);
INSERT INTO `arena_room` VALUES (2, 'SNOBTL', 1, NULL, 20, 'DISMISSED', 3, '2026-03-29 19:15:39', '2026-05-07 08:17:26', 0);
INSERT INTO `arena_room` VALUES (3, 'KGB4BG', 1, NULL, 20, 'DISMISSED', 3, '2026-03-29 19:16:11', '2026-05-07 08:17:26', 0);
INSERT INTO `arena_room` VALUES (4, '8IFVTE', 1, NULL, 5, 'DISMISSED', 2, '2026-03-29 19:16:31', '2026-05-07 08:17:26', 0);
INSERT INTO `arena_room` VALUES (5, 'KO7ZZD', 1, NULL, 18, 'DISMISSED', 3, '2026-03-29 19:31:14', '2026-05-07 08:17:26', 0);
INSERT INTO `arena_room` VALUES (6, 'WZPQKE', 1, NULL, 20, 'DISMISSED', 3, '2026-03-30 01:23:03', '2026-05-07 08:17:26', 0);
INSERT INTO `arena_room` VALUES (7, 'OUAZIM', 3, NULL, 1, 'DISMISSED', 3, '2026-03-30 01:28:52', '2026-05-07 08:17:26', 0);
INSERT INTO `arena_room` VALUES (8, 'KVKYNR', 3, NULL, 1, 'DISMISSED', 2, '2026-03-30 01:29:57', '2026-05-07 08:17:26', 0);
INSERT INTO `arena_room` VALUES (9, 'KMWFQX', 3, NULL, 1, 'DISMISSED', 2, '2026-03-30 01:42:47', '2026-05-07 08:17:26', 0);
INSERT INTO `arena_room` VALUES (10, 'EM647V', 3, NULL, 1, 'DISMISSED', 3, '2026-03-30 02:10:54', '2026-05-07 08:17:26', 0);
INSERT INTO `arena_room` VALUES (11, 'MXJLLH', 1, NULL, 20, 'DISMISSED', 2, '2026-03-30 02:11:15', '2026-05-07 08:17:26', 0);
INSERT INTO `arena_room` VALUES (12, 'TMR08O', 1, NULL, 20, 'DISMISSED', 3, '2026-03-30 02:22:10', '2026-05-07 08:17:26', 0);
INSERT INTO `arena_room` VALUES (13, 'SYRVN8', 3, NULL, 1, 'DISMISSED', 2, '2026-03-30 02:31:06', '2026-05-07 08:17:26', 0);
INSERT INTO `arena_room` VALUES (14, 'BC3YYD', 1, NULL, 18, 'DISMISSED', 2, '2026-03-30 02:35:11', '2026-05-07 08:17:26', 0);
INSERT INTO `arena_room` VALUES (15, 'NYHFGS', 1, NULL, 18, 'DISMISSED', 2, '2026-03-30 03:00:32', '2026-03-30 03:00:32', 0);
INSERT INTO `arena_room` VALUES (16, 'GG6KQX', 1, NULL, 19, 'DISMISSED', 2, '2026-03-30 03:04:03', '2026-03-30 03:04:03', 0);
INSERT INTO `arena_room` VALUES (17, 'MEHZKK', 1, NULL, 19, 'DISMISSED', 2, '2026-03-30 03:06:35', '2026-03-30 03:06:35', 0);
INSERT INTO `arena_room` VALUES (18, '5SXH1Y', 1, NULL, 18, 'DISMISSED', 3, '2026-03-30 04:52:04', '2026-03-30 04:52:04', 0);
INSERT INTO `arena_room` VALUES (19, '8WMNOU', 1, NULL, 18, 'DISMISSED', 2, '2026-03-30 05:05:14', '2026-03-30 05:05:14', 0);
INSERT INTO `arena_room` VALUES (20, 'UZ8AIA', 1, NULL, 18, 'DISMISSED', 3, '2026-03-30 05:12:08', '2026-03-30 05:12:08', 0);
INSERT INTO `arena_room` VALUES (21, '7XCICX', 1, NULL, 19, 'DISMISSED', 3, '2026-03-30 05:14:23', '2026-03-30 05:14:23', 0);
INSERT INTO `arena_room` VALUES (22, 'K3MO68', 1, NULL, 19, 'DISMISSED', 3, '2026-03-30 05:44:55', '2026-03-30 05:44:55', 0);
INSERT INTO `arena_room` VALUES (23, 'AEG9KV', 3, NULL, 1, 'DISMISSED', 2, '2026-03-30 05:45:53', '2026-03-30 05:45:53', 0);
INSERT INTO `arena_room` VALUES (24, 'LK6V4Q', 1, NULL, 20, 'DISMISSED', 2, '2026-03-30 05:48:50', '2026-03-30 05:48:50', 0);
INSERT INTO `arena_room` VALUES (25, 'LVL3FL', 3, NULL, 1, 'DISMISSED', 2, '2026-03-30 06:27:43', '2026-03-30 06:27:43', 0);
INSERT INTO `arena_room` VALUES (26, 'ENRSWB', 3, NULL, 1, 'DISMISSED', 3, '2026-03-30 15:29:20', '2026-05-07 08:17:26', 0);
INSERT INTO `arena_room` VALUES (27, 'QMNQUK', 3, NULL, 1, 'DISMISSED', 2, '2026-03-31 04:06:50', '2026-03-31 04:06:50', 0);
INSERT INTO `arena_room` VALUES (28, '7GNRYW', 3, NULL, 1, 'DISMISSED', 3, '2026-03-31 05:42:45', '2026-05-07 08:17:26', 0);
INSERT INTO `arena_room` VALUES (29, 'I7ST02', 3, NULL, 1, 'DISMISSED', 3, '2026-03-31 05:51:34', '2026-05-07 08:17:26', 0);
INSERT INTO `arena_room` VALUES (30, 'UMLSBL', 3, NULL, 1, 'FINISHED', 2, '2026-03-31 05:56:11', '2026-03-31 05:56:11', 0);
INSERT INTO `arena_room` VALUES (31, '4CWVAV', 3, NULL, 1, 'FINISHED', 2, '2026-03-31 06:04:00', '2026-03-31 06:04:00', 0);
INSERT INTO `arena_room` VALUES (32, '8TCSJ0', 3, NULL, 1, 'DISMISSED', 2, '2026-03-31 06:05:04', '2026-03-31 06:05:04', 0);
INSERT INTO `arena_room` VALUES (33, 'GRIPVT', 3, NULL, 1, 'DISMISSED', 2, '2026-03-31 06:06:13', '2026-03-31 06:06:13', 0);
INSERT INTO `arena_room` VALUES (34, '5FDZEY', 3, NULL, 1, 'DISMISSED', 2, '2026-03-31 06:30:39', '2026-05-07 08:17:26', 0);
INSERT INTO `arena_room` VALUES (35, '56EDXT', 3, NULL, 1, 'DISMISSED', 3, '2026-03-31 06:33:09', '2026-05-07 08:17:26', 0);
INSERT INTO `arena_room` VALUES (36, 'M5VB3O', 3, NULL, 1, 'DISMISSED', 2, '2026-03-31 21:07:49', '2026-05-07 08:17:26', 0);
INSERT INTO `arena_room` VALUES (37, '1WBVA3', 3, NULL, 1, 'DISMISSED', 3, '2026-03-31 21:42:25', '2026-05-07 08:17:26', 0);
INSERT INTO `arena_room` VALUES (38, 'J8ZMWY', 3, NULL, 1, 'DISMISSED', 3, '2026-03-31 22:13:11', '2026-05-07 08:17:26', 0);
INSERT INTO `arena_room` VALUES (39, 'FPPTLE', 3, NULL, 1, 'DISMISSED', 3, '2026-03-31 22:44:04', '2026-05-07 08:17:26', 0);
INSERT INTO `arena_room` VALUES (40, '3EX63J', 3, NULL, 1, 'DISMISSED', 3, '2026-03-31 23:54:14', '2026-03-31 23:54:14', 0);
INSERT INTO `arena_room` VALUES (41, 'XQXGDD', 3, NULL, 1, 'DISMISSED', 2, '2026-04-01 03:42:33', '2026-05-07 08:17:26', 0);
INSERT INTO `arena_room` VALUES (42, 'AGZNRL', 3, NULL, 1, 'DISMISSED', 3, '2026-04-01 04:23:26', '2026-05-07 08:17:26', 0);
INSERT INTO `arena_room` VALUES (43, '1OHB7A', 3, NULL, 1, 'DISMISSED', 2, '2026-04-01 04:29:05', '2026-05-07 08:17:26', 0);
INSERT INTO `arena_room` VALUES (44, '7C8DUD', 3, NULL, 1, 'DISMISSED', 2, '2026-04-01 04:55:05', '2026-05-07 08:17:26', 0);
INSERT INTO `arena_room` VALUES (45, '272QYQ', 3, NULL, 1, 'DISMISSED', 3, '2026-04-01 05:03:26', '2026-05-07 08:17:26', 0);
INSERT INTO `arena_room` VALUES (46, 'VE5ZLJ', 3, NULL, 1, 'DISMISSED', 3, '2026-04-01 05:11:43', '2026-05-07 08:17:26', 0);
INSERT INTO `arena_room` VALUES (47, 'KVKL1K', 3, NULL, 1, 'DISMISSED', 2, '2026-04-01 05:31:47', '2026-05-07 08:17:26', 0);
INSERT INTO `arena_room` VALUES (48, 'KXXS3H', 3, NULL, 1, 'DISMISSED', 2, '2026-04-01 05:41:34', '2026-05-07 08:17:26', 0);
INSERT INTO `arena_room` VALUES (49, 'FQOQ01', 3, NULL, 1, 'DISMISSED', 2, '2026-04-01 05:50:23', '2026-05-07 08:17:26', 0);
INSERT INTO `arena_room` VALUES (50, '6YZXTI', 3, NULL, 1, 'DISMISSED', 2, '2026-04-01 05:57:58', '2026-05-07 08:17:26', 0);
INSERT INTO `arena_room` VALUES (51, 'CNATNU', 3, NULL, 1, 'DISMISSED', 2, '2026-04-01 06:09:53', '2026-05-07 08:17:26', 0);
INSERT INTO `arena_room` VALUES (52, 'H5EKHD', 3, NULL, 1, 'DISMISSED', 2, '2026-04-01 06:41:58', '2026-04-01 06:41:58', 0);
INSERT INTO `arena_room` VALUES (53, 'T5XION', 3, NULL, 1, 'DISMISSED', 2, '2026-04-01 06:46:08', '2026-04-01 06:46:08', 0);
INSERT INTO `arena_room` VALUES (54, 'POK2XK', 3, NULL, 1, 'DISMISSED', 2, '2026-04-01 07:02:51', '2026-04-01 07:02:51', 0);
INSERT INTO `arena_room` VALUES (55, 'LHY473', 3, NULL, 1, 'DISMISSED', 2, '2026-04-01 07:03:56', '2026-05-07 08:17:26', 0);
INSERT INTO `arena_room` VALUES (56, '090ADH', 3, NULL, 1, 'DISMISSED', 3, '2026-04-01 08:02:18', '2026-04-01 08:02:18', 0);
INSERT INTO `arena_room` VALUES (57, 'HQKJZR', 3, NULL, 1, 'DISMISSED', 3, '2026-04-02 22:53:02', '2026-05-07 08:17:26', 0);
INSERT INTO `arena_room` VALUES (58, '0SUE0W', 3, NULL, 1, 'DISMISSED', 3, '2026-04-02 23:07:14', '2026-04-02 23:07:14', 0);
INSERT INTO `arena_room` VALUES (59, 'BZU3DY', 3, NULL, 1, 'DISMISSED', 3, '2026-04-02 23:09:23', '2026-04-02 23:09:23', 0);
INSERT INTO `arena_room` VALUES (60, 'ORCZSI', 3, NULL, 1, 'DISMISSED', 2, '2026-04-02 23:12:42', '2026-04-02 23:12:42', 0);
INSERT INTO `arena_room` VALUES (61, '7XDOGS', 3, NULL, 1, 'DISMISSED', 3, '2026-04-02 23:13:37', '2026-04-02 23:13:37', 0);
INSERT INTO `arena_room` VALUES (62, 'R7BWYU', 3, NULL, 1, 'DISMISSED', 2, '2026-04-02 23:14:11', '2026-04-02 23:14:11', 0);
INSERT INTO `arena_room` VALUES (63, 'OI5EYD', 3, NULL, 1, 'DISMISSED', 3, '2026-04-02 23:21:12', '2026-04-02 23:21:12', 0);
INSERT INTO `arena_room` VALUES (64, 'RWFH6E', 3, NULL, 1, 'DISMISSED', 3, '2026-04-02 23:39:12', '2026-04-02 23:39:12', 0);
INSERT INTO `arena_room` VALUES (65, 'LNVZSD', 3, NULL, 1, 'DISMISSED', 3, '2026-04-02 23:47:13', '2026-04-02 23:47:13', 0);
INSERT INTO `arena_room` VALUES (66, 'R74DAZ', 3, NULL, 1, 'DISMISSED', 3, '2026-04-02 23:53:54', '2026-04-02 23:53:54', 0);
INSERT INTO `arena_room` VALUES (67, 'DRPOFJ', 3, NULL, 1, 'DISMISSED', 2, '2026-04-02 23:56:05', '2026-04-02 23:56:05', 0);
INSERT INTO `arena_room` VALUES (68, 'RXOFKG', 3, NULL, 1, 'DISMISSED', 2, '2026-04-03 00:00:59', '2026-04-03 00:00:59', 0);
INSERT INTO `arena_room` VALUES (69, 'SAEVK2', 3, NULL, 1, 'DISMISSED', 2, '2026-04-03 00:02:39', '2026-04-03 00:02:39', 0);
INSERT INTO `arena_room` VALUES (70, '8KKEHN', 3, NULL, 1, 'DISMISSED', 3, '2026-04-03 00:09:58', '2026-04-03 00:09:58', 0);
INSERT INTO `arena_room` VALUES (71, 'QKEAMQ', 3, NULL, 1, 'DISMISSED', 3, '2026-04-03 00:22:25', '2026-04-03 00:22:25', 0);
INSERT INTO `arena_room` VALUES (72, 'ZHKCBY', 3, NULL, 1, 'DISMISSED', 2, '2026-04-03 00:23:31', '2026-04-03 00:23:31', 0);
INSERT INTO `arena_room` VALUES (73, 'INLHCN', 3, NULL, 1, 'FINISHED', 2, '2026-04-03 00:27:04', '2026-04-02 16:27:24', 0);
INSERT INTO `arena_room` VALUES (74, 'NR4R8N', 3, NULL, 1, 'FINISHED', 2, '2026-04-03 00:27:57', '2026-04-02 16:28:17', 0);
INSERT INTO `arena_room` VALUES (75, 'WVSHYY', 3, NULL, 1, 'DISMISSED', 2, '2026-04-03 00:33:19', '2026-04-03 00:33:19', 0);
INSERT INTO `arena_room` VALUES (76, 'UUSPBM', 3, NULL, 1, 'FINISHED', 3, '2026-04-03 00:46:23', '2026-04-02 16:46:44', 0);
INSERT INTO `arena_room` VALUES (77, 'ZIPGFZ', 3, NULL, 1, 'FINISHED', 2, '2026-04-03 00:47:51', '2026-04-02 16:48:16', 0);
INSERT INTO `arena_room` VALUES (78, '8C2QGC', 3, NULL, 1, 'FINISHED', 3, '2026-04-03 00:55:20', '2026-04-02 16:55:44', 0);
INSERT INTO `arena_room` VALUES (79, 'MWQQYV', 3, NULL, 1, 'DISMISSED', 2, '2026-04-03 01:08:25', '2026-04-03 01:08:25', 0);
INSERT INTO `arena_room` VALUES (80, 'LNIIGL', 3, NULL, 1, 'DISMISSED', 3, '2026-04-03 01:09:41', '2026-04-03 01:09:41', 0);
INSERT INTO `arena_room` VALUES (81, 'CMW5MC', 3, NULL, 1, 'DISMISSED', 3, '2026-04-03 01:47:30', '2026-05-07 08:17:26', 0);
INSERT INTO `arena_room` VALUES (82, 'VAVT8S', 3, NULL, 1, 'DISMISSED', 2, '2026-04-03 01:56:08', '2026-05-07 08:17:26', 0);
INSERT INTO `arena_room` VALUES (83, 'TZC0E1', 3, NULL, 1, 'DISMISSED', 3, '2026-04-03 01:56:32', '2026-05-07 08:17:26', 0);
INSERT INTO `arena_room` VALUES (84, 'Z5B4TQ', 3, NULL, 1, 'DISMISSED', 2, '2026-04-03 01:56:52', '2026-05-07 08:17:26', 0);
INSERT INTO `arena_room` VALUES (85, 'FNDB1J', 3, NULL, 1, 'DISMISSED', 3, '2026-04-03 01:58:14', '2026-05-07 08:17:26', 0);
INSERT INTO `arena_room` VALUES (86, '11HRL6', 3, NULL, 1, 'DISMISSED', 2, '2026-04-03 01:58:24', '2026-05-07 08:17:26', 0);
INSERT INTO `arena_room` VALUES (87, 'ON9I5G', 3, NULL, 1, 'DISMISSED', 2, '2026-04-03 02:03:35', '2026-05-07 08:17:26', 0);
INSERT INTO `arena_room` VALUES (88, 'CMS6C8', 3, NULL, 1, 'DISMISSED', 2, '2026-04-03 02:09:15', '2026-05-07 08:17:26', 0);
INSERT INTO `arena_room` VALUES (89, 'QFV8W8', 3, NULL, 1, 'FINISHED', 3, '2026-04-03 04:27:05', '2026-04-02 20:27:37', 0);
INSERT INTO `arena_room` VALUES (90, 'C3EI6W', 3, NULL, 1, 'FINISHED', 2, '2026-04-03 04:28:10', '2026-04-02 20:28:46', 0);
INSERT INTO `arena_room` VALUES (91, '6D1NR9', 3, NULL, 1, 'FINISHED', 3, '2026-04-03 04:37:47', '2026-04-02 20:38:16', 0);
INSERT INTO `arena_room` VALUES (92, 'HXRWGG', 3, NULL, 1, 'FINISHED', 2, '2026-04-03 04:38:59', '2026-04-02 20:39:04', 0);
INSERT INTO `arena_room` VALUES (93, 'PA8HXL', 3, NULL, 1, 'FINISHED', 2, '2026-04-03 04:40:52', '2026-04-02 20:41:08', 0);
INSERT INTO `arena_room` VALUES (94, 'MJTJCD', 3, NULL, 1, 'FINISHED', 3, '2026-04-03 04:41:32', '2026-04-02 20:42:21', 0);
INSERT INTO `arena_room` VALUES (95, 'LXIPNP', 3, NULL, 1, 'FINISHED', 3, '2026-04-03 04:46:22', '2026-04-02 20:46:44', 0);
INSERT INTO `arena_room` VALUES (96, 'XS2ZER', 3, NULL, 1, 'FINISHED', 3, '2026-04-03 04:49:33', '2026-04-02 20:49:41', 0);
INSERT INTO `arena_room` VALUES (97, 'ZKXWKM', 3, NULL, 1, 'FINISHED', 2, '2026-04-03 04:52:08', '2026-04-02 20:52:14', 0);
INSERT INTO `arena_room` VALUES (98, 'O2NMQE', 3, NULL, 1, 'FINISHED', 3, '2026-04-03 04:57:24', '2026-04-02 20:57:40', 0);
INSERT INTO `arena_room` VALUES (99, '14AEPY', 3, NULL, 1, 'FINISHED', 2, '2026-04-03 05:00:33', '2026-04-02 21:00:43', 0);
INSERT INTO `arena_room` VALUES (100, '5VAK8A', 3, NULL, 1, 'FINISHED', 3, '2026-04-03 05:07:03', '2026-04-02 21:07:12', 0);
INSERT INTO `arena_room` VALUES (101, 'MQCCVJ', 3, NULL, 1, 'FINISHED', 2, '2026-04-03 05:14:27', '2026-04-02 21:14:39', 0);
INSERT INTO `arena_room` VALUES (102, 'IBTLHZ', 3, NULL, 1, 'FINISHED', 3, '2026-04-03 05:16:50', '2026-04-02 21:16:58', 0);
INSERT INTO `arena_room` VALUES (103, 'Y6GHDM', 3, NULL, 1, '2', 3, '2026-04-03 05:21:15', '2026-04-02 21:21:24', 0);
INSERT INTO `arena_room` VALUES (104, 'RSYFCO', 3, NULL, 1, 'FINISHED', 3, '2026-04-03 05:25:58', '2026-04-02 21:26:33', 0);
INSERT INTO `arena_room` VALUES (105, 'QP31UF', 3, NULL, 1, 'FINISHED', 3, '2026-04-03 05:46:59', '2026-04-03 05:46:59', 0);
INSERT INTO `arena_room` VALUES (106, 'NJSXTH', 3, NULL, 1, 'FINISHED', 2, '2026-04-03 05:47:35', '2026-04-03 05:47:35', 0);
INSERT INTO `arena_room` VALUES (107, 'KTHKAI', 3, NULL, 1, 'FINISHED', 3, '2026-04-03 05:48:35', '2026-04-02 21:49:17', 0);
INSERT INTO `arena_room` VALUES (108, 'TMBOM2', 3, NULL, 1, 'FINISHED', 3, '2026-04-03 05:53:11', '2026-04-03 05:53:11', 0);
INSERT INTO `arena_room` VALUES (109, 'IHPQGF', 3, NULL, 1, 'FINISHED', 2, '2026-04-03 06:02:41', '2026-04-03 06:02:41', 0);
INSERT INTO `arena_room` VALUES (110, '9SVNGA', 3, NULL, 1, 'FINISHED', 3, '2026-04-03 06:06:34', '2026-04-03 06:06:34', 0);
INSERT INTO `arena_room` VALUES (111, 'LOEMVE', 3, NULL, 1, 'FINISHED', 3, '2026-04-03 06:08:29', '2026-04-03 06:08:29', 0);
INSERT INTO `arena_room` VALUES (112, 'JAPVZV', 3, NULL, 1, 'FINISHED', 2, '2026-04-03 06:26:33', '2026-04-02 22:27:16', 0);
INSERT INTO `arena_room` VALUES (113, '39MEID', 3, NULL, 1, 'FINISHED', 2, '2026-04-03 06:35:36', '2026-04-02 22:35:56', 0);
INSERT INTO `arena_room` VALUES (114, 'JZ3U9D', 3, NULL, 1, 'FINISHED', 3, '2026-04-03 06:48:00', '2026-04-02 22:48:22', 0);
INSERT INTO `arena_room` VALUES (115, '2EWS91', 3, NULL, 1, 'FINISHED', 2, '2026-04-03 06:54:10', '2026-04-03 06:54:10', 0);
INSERT INTO `arena_room` VALUES (116, 'ERFBHC', 3, NULL, 1, 'FINISHED', 3, '2026-04-03 06:59:59', '2026-04-02 23:00:10', 0);
INSERT INTO `arena_room` VALUES (117, 'N3DORM', 1, NULL, 19, 'FINISHED', 3, '2026-04-03 08:17:53', '2026-04-03 08:17:53', 0);
INSERT INTO `arena_room` VALUES (118, 'SMLETM', 1, NULL, 18, 'FINISHED', 3, '2026-04-03 08:19:07', '2026-04-03 08:19:07', 0);
INSERT INTO `arena_room` VALUES (119, 'HDZYN7', 1, NULL, 20, 'FINISHED', 3, '2026-04-03 08:23:52', '2026-04-03 00:25:55', 0);
INSERT INTO `arena_room` VALUES (120, 'NMNXPE', 1, NULL, 19, 'FINISHED', 2, '2026-04-03 08:26:15', '2026-04-03 08:26:15', 0);
INSERT INTO `arena_room` VALUES (121, 'XJFR4C', 1, NULL, 18, 'FINISHED', 2, '2026-04-03 08:26:47', '2026-04-03 00:27:01', 0);
INSERT INTO `arena_room` VALUES (122, 'LEIHJM', 1, NULL, 20, 'FINISHED', 3, '2026-04-03 08:27:23', '2026-04-03 00:27:36', 0);
INSERT INTO `arena_room` VALUES (123, 'HSDV01', 1, NULL, 19, 'FINISHED', 3, '2026-04-03 08:28:01', '2026-04-03 00:28:15', 0);
INSERT INTO `arena_room` VALUES (124, '8VQMVI', 1, NULL, 19, 'FINISHED', 2, '2026-04-03 08:34:36', '2026-04-03 08:34:36', 0);
INSERT INTO `arena_room` VALUES (125, 'SWMECV', 1, NULL, 19, 'FINISHED', 2, '2026-04-03 08:35:17', '2026-04-03 00:35:31', 0);
INSERT INTO `arena_room` VALUES (126, '1E3SQE', 1, NULL, 18, 'FINISHED', 3, '2026-04-03 08:35:36', '2026-04-03 00:35:48', 0);
INSERT INTO `arena_room` VALUES (127, 'LOGCUT', 1, NULL, 19, 'FINISHED', 2, '2026-04-03 08:45:40', '2026-04-03 00:45:54', 0);
INSERT INTO `arena_room` VALUES (128, 'EEYZC6', 3, NULL, 12, 'FINISHED', 3, '2026-04-03 09:11:48', '2026-04-03 01:12:01', 0);
INSERT INTO `arena_room` VALUES (129, 'UQBXXX', 3, NULL, 11, 'FINISHED', 3, '2026-04-03 09:13:03', '2026-04-03 01:13:25', 0);
INSERT INTO `arena_room` VALUES (130, 'AFYGFS', 3, NULL, 5, 'FINISHED', 3, '2026-04-03 09:14:39', '2026-04-03 01:15:27', 0);
INSERT INTO `arena_room` VALUES (131, 'YFNW4D', 3, NULL, 17, 'FINISHED', 3, '2026-04-03 09:15:42', '2026-04-03 01:17:09', 0);
INSERT INTO `arena_room` VALUES (132, 'QQHUTA', 3, NULL, 3, 'FINISHED', 2, '2026-04-03 09:21:32', '2026-04-03 01:21:44', 0);
INSERT INTO `arena_room` VALUES (133, '7V7ATA', 3, NULL, 17, 'FINISHED', 3, '2026-04-03 09:22:24', '2026-04-03 01:22:37', 0);
INSERT INTO `arena_room` VALUES (134, '1L3N2H', 3, NULL, 8, 'FINISHED', 3, '2026-04-03 09:23:14', '2026-04-03 09:23:14', 0);
INSERT INTO `arena_room` VALUES (135, 'EHKHX7', 3, NULL, 9, 'FINISHED', 3, '2026-04-03 09:28:04', '2026-04-03 09:28:04', 0);
INSERT INTO `arena_room` VALUES (136, 'B2HGKZ', 3, NULL, 6, 'FINISHED', 3, '2026-04-03 09:32:40', '2026-04-03 01:33:12', 0);
INSERT INTO `arena_room` VALUES (137, 'MVOBU7', 3, NULL, 5, 'FINISHED', 3, '2026-04-03 09:39:16', '2026-04-03 09:39:16', 0);
INSERT INTO `arena_room` VALUES (138, 'TDSQWM', 3, NULL, 15, 'FINISHED', 2, '2026-04-03 09:40:24', '2026-04-03 09:40:24', 0);
INSERT INTO `arena_room` VALUES (139, '0WLT8M', 3, NULL, 19, 'FINISHED', 3, '2026-04-03 09:41:37', '2026-04-03 01:43:57', 0);
INSERT INTO `arena_room` VALUES (140, 'W6ZRXH', 1, NULL, 19, 'FINISHED', 3, '2026-04-03 09:44:34', '2026-04-03 09:44:34', 0);
INSERT INTO `arena_room` VALUES (141, 'PGBRCG', 1, NULL, 20, 'FINISHED', 3, '2026-04-03 09:46:33', '2026-04-03 09:46:33', 0);
INSERT INTO `arena_room` VALUES (142, 'CZIO1M', 3, NULL, 8, 'FINISHED', 2, '2026-04-03 09:58:56', '2026-04-03 09:58:56', 0);
INSERT INTO `arena_room` VALUES (143, 'S8XP7X', 1, NULL, 19, 'FINISHED', 2, '2026-04-03 09:59:20', '2026-04-03 02:02:10', 0);
INSERT INTO `arena_room` VALUES (144, 'ASTRAS', 1, NULL, 19, 'FINISHED', 3, '2026-04-03 10:02:28', '2026-04-03 10:02:28', 0);
INSERT INTO `arena_room` VALUES (145, 'TDISHI', 1, NULL, 19, 'FINISHED', 3, '2026-04-03 10:02:40', '2026-04-03 10:02:40', 0);
INSERT INTO `arena_room` VALUES (146, 'LOCVME', 1, NULL, 18, 'FINISHED', 3, '2026-04-03 10:07:52', '2026-04-03 02:08:14', 0);
INSERT INTO `arena_room` VALUES (147, 'TDRITY', 3, NULL, 19, 'FINISHED', 3, '2026-04-03 10:36:31', '2026-04-03 10:36:31', 0);
INSERT INTO `arena_room` VALUES (148, 'J8MV9M', 3, NULL, 13, 'FINISHED', 2, '2026-04-03 10:37:19', '2026-04-03 10:37:19', 0);
INSERT INTO `arena_room` VALUES (149, 'TZJSCO', 3, NULL, 7, 'FINISHED', 2, '2026-04-03 10:38:22', '2026-04-03 10:38:22', 0);
INSERT INTO `arena_room` VALUES (150, 'BV96IR', 3, NULL, 7, 'FINISHED', 3, '2026-04-03 10:39:16', '2026-04-03 02:39:48', 0);
INSERT INTO `arena_room` VALUES (151, 'TVIEWX', 1, NULL, 18, 'FINISHED', 3, '2026-04-03 10:40:00', '2026-04-03 10:40:00', 0);
INSERT INTO `arena_room` VALUES (152, '3PJSJU', 1, NULL, 20, 'FINISHED', 2, '2026-04-03 10:40:26', '2026-04-03 10:40:26', 0);
INSERT INTO `arena_room` VALUES (153, '7NDIK4', 1, NULL, 19, 'FINISHED', 3, '2026-04-03 10:40:30', '2026-04-03 10:40:30', 0);
INSERT INTO `arena_room` VALUES (154, 'VHOJRC', 1, NULL, 18, 'FINISHED', 3, '2026-04-03 10:40:44', '2026-04-03 02:41:06', 0);
INSERT INTO `arena_room` VALUES (155, 'GUKGVD', 1, NULL, 13, 'FINISHED', 3, '2026-04-03 11:26:39', '2026-04-03 03:28:46', 0);
INSERT INTO `arena_room` VALUES (156, 'CNKKEK', 1, NULL, 19, 'FINISHED', 2, '2026-04-03 11:32:02', '2026-04-03 11:32:02', 0);
INSERT INTO `arena_room` VALUES (157, 'DVVDS8', 3, NULL, 8, 'FINISHED', 3, '2026-04-03 11:34:40', '2026-04-03 03:45:37', 0);
INSERT INTO `arena_room` VALUES (158, '1TU5IZ', 1, NULL, 6, 'FINISHED', 3, '2026-04-03 11:46:33', '2026-04-03 03:46:57', 0);
INSERT INTO `arena_room` VALUES (159, 'PIUD02', 1, NULL, 15, 'FINISHED', 3, '2026-04-03 11:47:00', '2026-04-03 03:47:18', 0);
INSERT INTO `arena_room` VALUES (160, 'IPAJEM', 1, NULL, 11, 'FINISHED', 3, '2026-04-04 02:17:02', '2026-04-03 18:19:44', 0);
INSERT INTO `arena_room` VALUES (161, '9IIZBR', 3, NULL, 4, 'FINISHED', 2, '2026-04-04 02:20:36', '2026-04-03 18:21:01', 0);
INSERT INTO `arena_room` VALUES (162, 'UEELTB', 3, NULL, 7, 'FINISHED', 3, '2026-04-13 01:40:44', '2026-04-13 01:40:44', 0);
INSERT INTO `arena_room` VALUES (163, 'ZN0M3N', 1, NULL, 19, 'FINISHED', 2, '2026-04-13 01:41:02', '2026-04-13 01:41:02', 0);
INSERT INTO `arena_room` VALUES (164, '6CMWBE', 1, NULL, 20, 'FINISHED', 3, '2026-04-13 01:41:05', '2026-04-13 01:41:05', 0);
INSERT INTO `arena_room` VALUES (165, 'EBRZFO', 1, NULL, 19, 'FINISHED', 3, '2026-04-13 01:43:49', '2026-04-12 17:44:03', 0);
INSERT INTO `arena_room` VALUES (166, 'CTFCMH', 1, NULL, 18, 'FINISHED', 3, '2026-04-13 01:44:21', '2026-04-12 17:47:00', 0);
INSERT INTO `arena_room` VALUES (167, 'VEDAOE', 3, NULL, 15, 'FINISHED', 3, '2026-04-13 01:47:32', '2026-04-12 17:56:44', 0);
INSERT INTO `arena_room` VALUES (168, 'LQL3QR', 1, NULL, 18, 'FINISHED', 3, '2026-04-15 11:32:36', '2026-04-15 03:33:13', 0);
INSERT INTO `arena_room` VALUES (169, 'D2HCVQ', 3, NULL, 11, 'FINISHED', 3, '2026-04-15 12:26:01', '2026-04-15 04:26:43', 0);
INSERT INTO `arena_room` VALUES (170, 'YIMURT', 3, NULL, 14, 'FINISHED', 2, '2026-04-15 12:27:17', '2026-04-15 12:27:17', 0);
INSERT INTO `arena_room` VALUES (171, '29CFHC', 3, NULL, 6, 'FINISHED', 2, '2026-04-15 12:37:02', '2026-04-15 12:37:02', 0);
INSERT INTO `arena_room` VALUES (172, 'W6LYZM', 3, NULL, 9, 'FINISHED', 3, '2026-04-15 12:46:09', '2026-04-15 12:46:09', 0);
INSERT INTO `arena_room` VALUES (173, 'NADDLP', 1, NULL, 20, 'FINISHED', 3, '2026-04-15 19:07:36', '2026-04-15 11:09:09', 0);
INSERT INTO `arena_room` VALUES (174, '7RF7FA', 1, NULL, 19, 'DISMISSED', 3, '2026-05-08 16:42:03', '2026-05-08 16:42:03', 0);
INSERT INTO `arena_room` VALUES (175, 'XESI8A', 1, NULL, 20, 'DISMISSED', 3, '2026-05-08 18:29:15', '2026-05-08 18:29:15', 0);
INSERT INTO `arena_room` VALUES (176, 'QKEM6W', 1, NULL, 19, 'DISMISSED', 3, '2026-05-08 18:29:22', '2026-05-08 18:29:22', 0);
INSERT INTO `arena_room` VALUES (177, 'QVUGZI', 1, NULL, 20, 'DISMISSED', 3, '2026-05-08 18:29:57', '2026-05-08 18:29:57', 0);
INSERT INTO `arena_room` VALUES (178, 'AWZ5NV', 1, NULL, 20, 'DISMISSED', 3, '2026-05-08 18:30:24', '2026-05-08 18:30:24', 0);
INSERT INTO `arena_room` VALUES (179, 'VDCI9L', 1, NULL, 20, 'DISMISSED', 3, '2026-05-08 19:09:42', '2026-05-08 19:09:42', 0);
INSERT INTO `arena_room` VALUES (180, 'KV0RBA', 1, NULL, 18, 'DISMISSED', 3, '2026-05-08 19:10:39', '2026-05-08 19:10:39', 0);
INSERT INTO `arena_room` VALUES (181, 'BXEPK5', 1, NULL, 19, 'DISMISSED', 3, '2026-05-08 19:11:21', '2026-05-08 19:11:21', 0);
INSERT INTO `arena_room` VALUES (182, 'WB1RCH', 1, NULL, 19, 'DISMISSED', 3, '2026-05-08 19:12:23', '2026-05-08 19:12:23', 0);
INSERT INTO `arena_room` VALUES (183, 'RSNYGF', 1, NULL, 20, 'DISMISSED', 3, '2026-05-08 19:33:44', '2026-05-08 19:33:44', 0);
INSERT INTO `arena_room` VALUES (184, 'ALVWKU', 1, NULL, 19, 'DISMISSED', 3, '2026-05-08 19:33:51', '2026-05-08 19:33:51', 0);
INSERT INTO `arena_room` VALUES (185, '6WU9R8', 3, NULL, 16, 'FINISHED', 2, '2026-05-08 20:27:08', '2026-05-08 12:28:30', 0);
INSERT INTO `arena_room` VALUES (186, 'OBCWKJ', 1, NULL, 20, 'DISMISSED', 3, '2026-05-08 20:58:51', '2026-05-08 20:58:51', 0);
INSERT INTO `arena_room` VALUES (187, 'QIUBFZ', 3, NULL, 14, 'DISMISSED', 3, '2026-05-08 20:59:44', '2026-05-08 20:59:44', 0);
INSERT INTO `arena_room` VALUES (188, 'WS5OVR', 1, NULL, 19, 'DISMISSED', 3, '2026-05-08 21:04:50', '2026-05-08 21:04:50', 0);
INSERT INTO `arena_room` VALUES (189, 'USYBMA', 1, NULL, 18, 'DISMISSED', 3, '2026-05-08 21:05:22', '2026-05-08 21:05:22', 0);
INSERT INTO `arena_room` VALUES (190, 'XGX1VF', 1, NULL, 19, 'DISMISSED', 3, '2026-05-08 21:08:16', '2026-05-08 21:08:16', 0);
INSERT INTO `arena_room` VALUES (191, 'VLPROE', 1, NULL, 18, 'DISMISSED', 3, '2026-05-08 21:08:34', '2026-05-08 21:08:34', 0);
INSERT INTO `arena_room` VALUES (192, 'KACTBF', 1, NULL, 20, 'DISMISSED', 3, '2026-05-08 21:08:38', '2026-05-08 21:08:38', 0);
INSERT INTO `arena_room` VALUES (193, 'UZTNBA', 1, NULL, 19, 'DISMISSED', 3, '2026-05-08 21:20:35', '2026-05-08 21:20:35', 0);
INSERT INTO `arena_room` VALUES (194, 'ECFAIK', 1, NULL, 19, 'DISMISSED', 3, '2026-05-08 21:20:49', '2026-05-08 21:20:49', 0);
INSERT INTO `arena_room` VALUES (195, 'MZLJQE', 1, NULL, 20, 'DISMISSED', 3, '2026-05-08 21:21:42', '2026-05-08 21:21:42', 0);
INSERT INTO `arena_room` VALUES (196, '6ZCAAK', 1, NULL, 18, 'DISMISSED', 3, '2026-05-08 21:23:12', '2026-05-08 21:23:12', 0);
INSERT INTO `arena_room` VALUES (197, 'XZY9YC', 1, NULL, 19, 'DISMISSED', 3, '2026-05-08 21:33:53', '2026-05-08 21:33:53', 0);
INSERT INTO `arena_room` VALUES (198, 'KPQOKL', 1, NULL, 18, 'DISMISSED', 3, '2026-05-08 21:33:56', '2026-05-08 21:33:56', 0);
INSERT INTO `arena_room` VALUES (199, 'Z0MYEO', 1, NULL, 19, 'DISMISSED', 3, '2026-05-08 21:37:17', '2026-05-08 21:37:17', 0);
INSERT INTO `arena_room` VALUES (200, 'QXQEVM', 1, NULL, 19, 'DISMISSED', 3, '2026-05-08 22:14:48', '2026-05-08 22:14:48', 0);
INSERT INTO `arena_room` VALUES (201, '5QKZO1', 1, NULL, 20, 'DISMISSED', 3, '2026-05-08 22:45:08', '2026-05-08 22:45:08', 0);
INSERT INTO `arena_room` VALUES (202, '31PFFE', 1, NULL, 18, 'FINISHED', 3, '2026-05-09 00:05:11', '2026-05-08 16:06:26', 0);
INSERT INTO `arena_room` VALUES (203, 'JVTH8M', 1, NULL, 18, 'DISMISSED', 3, '2026-05-09 00:07:01', '2026-05-09 00:07:01', 0);
INSERT INTO `arena_room` VALUES (204, 'BLV0JF', 1, NULL, 18, 'FINISHED', 3, '2026-05-09 00:07:55', '2026-05-08 16:08:11', 0);
INSERT INTO `arena_room` VALUES (205, 'UH3TRA', 3, NULL, 11, 'FINISHED', 3, '2026-05-09 01:05:39', '2026-05-08 17:06:33', 0);
INSERT INTO `arena_room` VALUES (206, 'USOJAI', 3, NULL, 6, 'FINISHED', 3, '2026-05-09 01:07:18', '2026-05-08 17:11:41', 0);
INSERT INTO `arena_room` VALUES (207, 'TAWYPB', 3, NULL, 12, 'FINISHED', 3, '2026-05-09 02:09:06', '2026-05-08 18:10:19', 0);
INSERT INTO `arena_room` VALUES (208, 'GJJVBZ', 1, NULL, 18, 'DISMISSED', 3, '2026-05-09 02:13:12', '2026-05-09 02:13:12', 0);
INSERT INTO `arena_room` VALUES (209, 'VHNUNL', 3, NULL, 4, 'FINISHED', 3, '2026-05-09 02:23:57', '2026-05-08 18:24:29', 0);

-- ----------------------------
-- Table structure for arena_room_user
-- ----------------------------
DROP TABLE IF EXISTS `arena_room_user`;
CREATE TABLE `arena_room_user`  (
  `id` bigint NOT NULL AUTO_INCREMENT COMMENT '物理主键',
  `room_id` bigint NOT NULL COMMENT '关联 arena_room 的物理主键',
  `user_id` bigint NOT NULL COMMENT '用户ID',
  `is_creator` tinyint NOT NULL DEFAULT 0 COMMENT '是否为房主 (0-否, 1-是)',
  `status` varchar(16) CHARACTER SET utf8mb4 COLLATE utf8mb4_unicode_ci NOT NULL DEFAULT 'JOINED' COMMENT '状态: JOINED(已加入), READY(已准备), BATTLING(战斗中), ESCAPED(逃跑)',
  `result` varchar(16) CHARACTER SET utf8mb4 COLLATE utf8mb4_unicode_ci NULL DEFAULT NULL COMMENT '战斗结果: WIN(胜), LOSE(负), DRAW(平局)',
  `score_change` int NULL DEFAULT 0 COMMENT '天梯分变动 (+/-)',
  `create_time` datetime NOT NULL DEFAULT CURRENT_TIMESTAMP COMMENT '加入时间',
  `update_time` datetime NOT NULL DEFAULT CURRENT_TIMESTAMP ON UPDATE CURRENT_TIMESTAMP COMMENT '更新时间',
  `is_deleted` tinyint NOT NULL DEFAULT 0 COMMENT '逻辑删除',
  PRIMARY KEY (`id`) USING BTREE,
  UNIQUE INDEX `uk_room_user`(`room_id` ASC, `user_id` ASC) USING BTREE,
  INDEX `idx_user_id`(`user_id` ASC) USING BTREE
) ENGINE = InnoDB AUTO_INCREMENT = 363 CHARACTER SET = utf8mb4 COLLATE = utf8mb4_unicode_ci COMMENT = '竞技场房间用户关联表' ROW_FORMAT = Dynamic;

-- ----------------------------
-- Records of arena_room_user
-- ----------------------------
INSERT INTO `arena_room_user` VALUES (1, 1, 3, 1, 'JOINED', NULL, 0, '2026-03-29 19:15:23', '2026-03-29 19:15:23', 0);
INSERT INTO `arena_room_user` VALUES (2, 2, 3, 1, 'JOINED', NULL, 0, '2026-03-29 19:15:39', '2026-03-29 19:15:39', 0);
INSERT INTO `arena_room_user` VALUES (3, 3, 3, 1, 'JOINED', NULL, 0, '2026-03-29 19:16:11', '2026-03-29 19:16:11', 0);
INSERT INTO `arena_room_user` VALUES (4, 4, 2, 1, 'JOINED', NULL, 0, '2026-03-29 19:16:31', '2026-03-29 19:16:31', 0);
INSERT INTO `arena_room_user` VALUES (5, 5, 3, 1, 'JOINED', NULL, 0, '2026-03-29 19:31:14', '2026-03-29 19:31:14', 0);
INSERT INTO `arena_room_user` VALUES (6, 6, 3, 1, 'JOINED', NULL, 0, '2026-03-30 01:23:03', '2026-03-30 01:23:03', 0);
INSERT INTO `arena_room_user` VALUES (7, 7, 3, 1, 'JOINED', NULL, 0, '2026-03-30 01:28:52', '2026-03-30 01:28:52', 0);
INSERT INTO `arena_room_user` VALUES (8, 7, 2, 0, 'JOINED', NULL, 0, '2026-03-30 01:28:52', '2026-03-30 01:28:52', 0);
INSERT INTO `arena_room_user` VALUES (9, 8, 2, 1, 'JOINED', NULL, 0, '2026-03-30 01:29:57', '2026-03-30 01:29:57', 0);
INSERT INTO `arena_room_user` VALUES (10, 8, 3, 0, 'JOINED', NULL, 0, '2026-03-30 01:29:57', '2026-03-30 01:29:57', 0);
INSERT INTO `arena_room_user` VALUES (11, 9, 2, 1, 'JOINED', NULL, 0, '2026-03-30 01:42:47', '2026-03-30 01:42:47', 0);
INSERT INTO `arena_room_user` VALUES (12, 9, 3, 0, 'JOINED', NULL, 0, '2026-03-30 01:42:47', '2026-03-30 01:42:47', 0);
INSERT INTO `arena_room_user` VALUES (13, 10, 3, 1, 'JOINED', NULL, 0, '2026-03-30 02:10:54', '2026-03-30 02:10:54', 0);
INSERT INTO `arena_room_user` VALUES (14, 10, 2, 0, 'JOINED', NULL, 0, '2026-03-30 02:10:54', '2026-03-30 02:10:54', 0);
INSERT INTO `arena_room_user` VALUES (15, 11, 2, 1, 'JOINED', NULL, 0, '2026-03-30 02:11:15', '2026-03-30 02:11:15', 0);
INSERT INTO `arena_room_user` VALUES (16, 11, 3, 0, 'JOINED', NULL, 0, '2026-03-30 02:11:25', '2026-03-30 02:11:25', 0);
INSERT INTO `arena_room_user` VALUES (17, 12, 3, 1, 'JOINED', NULL, 0, '2026-03-30 02:22:10', '2026-03-30 02:22:10', 0);
INSERT INTO `arena_room_user` VALUES (18, 12, 2, 0, 'JOINED', NULL, 0, '2026-03-30 02:22:18', '2026-03-30 02:22:18', 0);
INSERT INTO `arena_room_user` VALUES (19, 13, 2, 1, 'JOINED', NULL, 0, '2026-03-30 02:31:06', '2026-03-30 02:31:06', 0);
INSERT INTO `arena_room_user` VALUES (20, 13, 3, 0, 'JOINED', NULL, 0, '2026-03-30 02:31:06', '2026-03-30 02:31:06', 0);
INSERT INTO `arena_room_user` VALUES (21, 14, 2, 1, 'JOINED', NULL, 0, '2026-03-30 02:35:11', '2026-03-30 02:35:11', 0);
INSERT INTO `arena_room_user` VALUES (22, 14, 3, 0, 'JOINED', NULL, 0, '2026-03-30 02:35:20', '2026-03-30 02:35:20', 0);
INSERT INTO `arena_room_user` VALUES (23, 15, 3, 1, 'JOINED', NULL, 0, '2026-03-30 03:00:32', '2026-03-29 19:00:53', 1);
INSERT INTO `arena_room_user` VALUES (24, 15, 2, 1, 'JOINED', NULL, 0, '2026-03-30 03:00:40', '2026-03-29 19:04:01', 1);
INSERT INTO `arena_room_user` VALUES (28, 16, 2, 1, 'JOINED', NULL, 0, '2026-03-30 03:04:03', '2026-03-29 19:05:58', 1);
INSERT INTO `arena_room_user` VALUES (29, 17, 3, 1, 'JOINED', NULL, 0, '2026-03-30 03:06:35', '2026-03-29 19:06:44', 1);
INSERT INTO `arena_room_user` VALUES (30, 17, 2, 1, 'JOINED', NULL, 0, '2026-03-30 03:06:39', '2026-03-29 19:21:54', 1);
INSERT INTO `arena_room_user` VALUES (61, 28, 3, 1, 'JOINED', NULL, 0, '2026-03-31 05:42:45', '2026-03-31 05:42:45', 0);
INSERT INTO `arena_room_user` VALUES (62, 28, 2, 0, 'JOINED', NULL, 0, '2026-03-31 05:42:45', '2026-03-31 05:42:45', 0);
INSERT INTO `arena_room_user` VALUES (63, 29, 3, 1, 'JOINED', NULL, 0, '2026-03-31 05:51:34', '2026-03-31 05:51:34', 0);
INSERT INTO `arena_room_user` VALUES (64, 29, 2, 0, 'JOINED', NULL, 0, '2026-03-31 05:51:34', '2026-03-31 05:51:34', 0);
INSERT INTO `arena_room_user` VALUES (65, 30, 2, 1, 'JOINED', NULL, 0, '2026-03-31 05:56:11', '2026-03-31 05:56:11', 0);
INSERT INTO `arena_room_user` VALUES (66, 30, 3, 0, 'JOINED', NULL, 0, '2026-03-31 05:56:11', '2026-03-31 05:56:11', 0);
INSERT INTO `arena_room_user` VALUES (68, 31, 2, 1, 'JOINED', NULL, 0, '2026-03-31 06:04:00', '2026-03-31 06:04:00', 0);
INSERT INTO `arena_room_user` VALUES (167, 81, 3, 1, 'JOINED', NULL, 0, '2026-04-03 01:47:30', '2026-04-03 01:47:30', 0);
INSERT INTO `arena_room_user` VALUES (168, 81, 2, 0, 'JOINED', NULL, 0, '2026-04-03 01:47:30', '2026-04-03 01:47:30', 0);
INSERT INTO `arena_room_user` VALUES (169, 82, 2, 1, 'JOINED', NULL, 0, '2026-04-03 01:56:08', '2026-04-03 01:56:08', 0);
INSERT INTO `arena_room_user` VALUES (170, 82, 3, 0, 'JOINED', NULL, 0, '2026-04-03 01:56:08', '2026-04-03 01:56:08', 0);
INSERT INTO `arena_room_user` VALUES (171, 83, 3, 1, 'JOINED', NULL, 0, '2026-04-03 01:56:32', '2026-04-03 01:56:32', 0);
INSERT INTO `arena_room_user` VALUES (172, 83, 2, 0, 'JOINED', NULL, 0, '2026-04-03 01:56:32', '2026-04-03 01:56:32', 0);
INSERT INTO `arena_room_user` VALUES (173, 84, 2, 1, 'JOINED', NULL, 0, '2026-04-03 01:56:52', '2026-04-03 01:56:52', 0);
INSERT INTO `arena_room_user` VALUES (174, 84, 3, 0, 'JOINED', NULL, 0, '2026-04-03 01:56:52', '2026-04-03 01:56:52', 0);
INSERT INTO `arena_room_user` VALUES (175, 85, 3, 1, 'JOINED', NULL, 0, '2026-04-03 01:58:14', '2026-04-03 01:58:14', 0);
INSERT INTO `arena_room_user` VALUES (176, 85, 2, 0, 'JOINED', NULL, 0, '2026-04-03 01:58:14', '2026-04-03 01:58:14', 0);
INSERT INTO `arena_room_user` VALUES (177, 86, 2, 1, 'JOINED', NULL, 0, '2026-04-03 01:58:24', '2026-04-03 01:58:24', 0);
INSERT INTO `arena_room_user` VALUES (178, 86, 3, 0, 'JOINED', NULL, 0, '2026-04-03 01:58:24', '2026-04-03 01:58:24', 0);
INSERT INTO `arena_room_user` VALUES (179, 87, 2, 1, 'JOINED', NULL, 0, '2026-04-03 02:03:35', '2026-04-03 02:03:35', 0);
INSERT INTO `arena_room_user` VALUES (180, 87, 3, 0, 'JOINED', NULL, 0, '2026-04-03 02:03:35', '2026-04-03 02:03:35', 0);
INSERT INTO `arena_room_user` VALUES (181, 88, 2, 1, 'JOINED', NULL, 0, '2026-04-03 02:09:15', '2026-04-03 02:09:15', 0);
INSERT INTO `arena_room_user` VALUES (182, 88, 3, 0, 'JOINED', NULL, 0, '2026-04-03 02:09:15', '2026-04-03 02:09:15', 0);
INSERT INTO `arena_room_user` VALUES (184, 89, 3, 1, 'JOINED', NULL, 0, '2026-04-03 04:27:05', '2026-04-03 04:27:05', 0);
INSERT INTO `arena_room_user` VALUES (185, 90, 2, 1, 'JOINED', NULL, 0, '2026-04-03 04:28:10', '2026-04-03 04:28:10', 0);
INSERT INTO `arena_room_user` VALUES (186, 90, 3, 0, 'JOINED', NULL, 0, '2026-04-03 04:28:10', '2026-04-03 04:28:10', 0);
INSERT INTO `arena_room_user` VALUES (188, 91, 3, 1, 'JOINED', NULL, 0, '2026-04-03 04:37:47', '2026-04-03 04:37:47', 0);
INSERT INTO `arena_room_user` VALUES (189, 92, 2, 1, 'JOINED', NULL, 0, '2026-04-03 04:38:59', '2026-04-03 04:38:59', 0);
INSERT INTO `arena_room_user` VALUES (190, 92, 3, 0, 'JOINED', NULL, 0, '2026-04-03 04:38:59', '2026-04-03 04:38:59', 0);
INSERT INTO `arena_room_user` VALUES (191, 93, 2, 1, 'JOINED', NULL, 0, '2026-04-03 04:40:52', '2026-04-03 04:40:52', 0);
INSERT INTO `arena_room_user` VALUES (192, 93, 3, 0, 'JOINED', NULL, 0, '2026-04-03 04:40:52', '2026-04-03 04:40:52', 0);
INSERT INTO `arena_room_user` VALUES (194, 94, 3, 1, 'JOINED', NULL, 0, '2026-04-03 04:41:32', '2026-04-03 04:41:32', 0);
INSERT INTO `arena_room_user` VALUES (196, 95, 3, 1, 'JOINED', NULL, 0, '2026-04-03 04:46:22', '2026-04-03 04:46:22', 0);
INSERT INTO `arena_room_user` VALUES (199, 97, 2, 1, 'JOINED', NULL, 0, '2026-04-03 04:52:08', '2026-04-03 04:52:08', 0);
INSERT INTO `arena_room_user` VALUES (202, 98, 3, 1, 'JOINED', NULL, 0, '2026-04-03 04:57:24', '2026-04-03 04:57:24', 0);
INSERT INTO `arena_room_user` VALUES (203, 99, 2, 1, 'JOINED', NULL, 0, '2026-04-03 05:00:33', '2026-04-03 05:00:33', 0);
INSERT INTO `arena_room_user` VALUES (204, 99, 3, 0, 'JOINED', NULL, 0, '2026-04-03 05:00:33', '2026-04-03 05:00:33', 0);
INSERT INTO `arena_room_user` VALUES (206, 100, 3, 1, 'JOINED', NULL, 0, '2026-04-03 05:07:03', '2026-04-03 05:07:03', 0);
INSERT INTO `arena_room_user` VALUES (207, 101, 2, 1, 'JOINED', NULL, 0, '2026-04-03 05:14:27', '2026-04-03 05:14:27', 0);
INSERT INTO `arena_room_user` VALUES (208, 101, 3, 0, 'JOINED', NULL, 0, '2026-04-03 05:14:27', '2026-04-03 05:14:27', 0);
INSERT INTO `arena_room_user` VALUES (215, 105, 3, 1, 'JOINED', NULL, 0, '2026-04-03 05:46:59', '2026-04-03 05:46:59', 0);
INSERT INTO `arena_room_user` VALUES (216, 105, 2, 0, 'JOINED', NULL, 0, '2026-04-03 05:46:59', '2026-04-03 05:46:59', 0);
INSERT INTO `arena_room_user` VALUES (217, 106, 2, 1, 'JOINED', NULL, 0, '2026-04-03 05:47:35', '2026-04-03 05:47:35', 0);
INSERT INTO `arena_room_user` VALUES (218, 106, 3, 0, 'JOINED', NULL, 0, '2026-04-03 05:47:35', '2026-04-03 05:47:35', 0);
INSERT INTO `arena_room_user` VALUES (221, 108, 3, 1, 'JOINED', NULL, 0, '2026-04-03 05:53:11', '2026-04-03 05:53:11', 0);
INSERT INTO `arena_room_user` VALUES (222, 108, 2, 0, 'JOINED', NULL, 0, '2026-04-03 05:53:11', '2026-04-03 05:53:11', 0);
INSERT INTO `arena_room_user` VALUES (223, 109, 2, 1, 'JOINED', NULL, 0, '2026-04-03 06:02:41', '2026-04-03 06:02:41', 0);
INSERT INTO `arena_room_user` VALUES (224, 109, 3, 0, 'JOINED', NULL, 0, '2026-04-03 06:02:41', '2026-04-03 06:02:41', 0);
INSERT INTO `arena_room_user` VALUES (225, 110, 3, 1, 'JOINED', NULL, 0, '2026-04-03 06:06:34', '2026-04-03 06:06:34', 0);
INSERT INTO `arena_room_user` VALUES (226, 110, 2, 0, 'JOINED', NULL, 0, '2026-04-03 06:06:34', '2026-04-03 06:06:34', 0);
INSERT INTO `arena_room_user` VALUES (227, 111, 3, 1, 'JOINED', NULL, 0, '2026-04-03 06:08:29', '2026-04-03 06:08:29', 0);
INSERT INTO `arena_room_user` VALUES (228, 111, 2, 0, 'JOINED', NULL, 0, '2026-04-03 06:08:29', '2026-04-03 06:08:29', 0);
INSERT INTO `arena_room_user` VALUES (235, 115, 2, 1, 'JOINED', NULL, 0, '2026-04-03 06:54:10', '2026-04-03 06:54:10', 0);
INSERT INTO `arena_room_user` VALUES (236, 115, 3, 0, 'JOINED', NULL, 0, '2026-04-03 06:54:10', '2026-04-03 06:54:10', 0);
INSERT INTO `arena_room_user` VALUES (242, 120, 2, 1, 'JOINED', NULL, 0, '2026-04-03 08:26:15', '2026-04-03 08:26:15', 0);
INSERT INTO `arena_room_user` VALUES (246, 124, 2, 1, 'JOINED', NULL, 0, '2026-04-03 08:34:36', '2026-04-03 08:34:36', 0);
INSERT INTO `arena_room_user` VALUES (258, 132, 2, 1, 'JOINED', NULL, 0, '2026-04-03 09:21:32', '2026-04-03 09:21:32', 0);
INSERT INTO `arena_room_user` VALUES (259, 132, 3, 0, 'JOINED', NULL, 0, '2026-04-03 09:21:32', '2026-04-03 09:21:32', 0);
INSERT INTO `arena_room_user` VALUES (260, 133, 3, 1, 'JOINED', NULL, 0, '2026-04-03 09:22:24', '2026-04-03 09:22:24', 0);
INSERT INTO `arena_room_user` VALUES (261, 133, 2, 0, 'JOINED', NULL, 0, '2026-04-03 09:22:24', '2026-04-03 09:22:24', 0);
INSERT INTO `arena_room_user` VALUES (262, 134, 3, 1, 'JOINED', NULL, 0, '2026-04-03 09:23:14', '2026-04-03 09:23:14', 0);
INSERT INTO `arena_room_user` VALUES (263, 134, 2, 0, 'JOINED', NULL, 0, '2026-04-03 09:23:14', '2026-04-03 09:23:14', 0);
INSERT INTO `arena_room_user` VALUES (264, 135, 3, 1, 'JOINED', NULL, 0, '2026-04-03 09:28:04', '2026-04-03 09:28:04', 0);
INSERT INTO `arena_room_user` VALUES (266, 136, 3, 1, 'JOINED', NULL, 0, '2026-04-03 09:32:40', '2026-04-03 09:32:40', 0);
INSERT INTO `arena_room_user` VALUES (267, 136, 2, 0, 'JOINED', NULL, 0, '2026-04-03 09:32:40', '2026-04-03 09:32:40', 0);
INSERT INTO `arena_room_user` VALUES (271, 138, 2, 1, 'JOINED', NULL, 0, '2026-04-03 09:40:24', '2026-04-03 09:40:24', 0);
INSERT INTO `arena_room_user` VALUES (272, 139, 3, 1, 'JOINED', NULL, 0, '2026-04-03 09:41:37', '2026-04-03 09:41:37', 0);
INSERT INTO `arena_room_user` VALUES (273, 139, 2, 0, 'JOINED', NULL, 0, '2026-04-03 09:41:37', '2026-04-03 09:41:37', 0);
INSERT INTO `arena_room_user` VALUES (276, 142, 2, 1, 'JOINED', NULL, 0, '2026-04-03 09:58:56', '2026-04-03 09:58:56', 0);
INSERT INTO `arena_room_user` VALUES (277, 142, 3, 0, 'JOINED', NULL, 0, '2026-04-03 09:58:56', '2026-04-03 09:58:56', 0);
INSERT INTO `arena_room_user` VALUES (278, 143, 2, 1, 'JOINED', NULL, 0, '2026-04-03 09:59:20', '2026-04-03 09:59:20', 0);
INSERT INTO `arena_room_user` VALUES (279, 144, 3, 1, 'JOINED', NULL, 0, '2026-04-03 10:02:28', '2026-04-03 10:02:28', 0);
INSERT INTO `arena_room_user` VALUES (280, 145, 3, 1, 'JOINED', NULL, 0, '2026-04-03 10:02:40', '2026-04-03 10:02:40', 0);
INSERT INTO `arena_room_user` VALUES (281, 146, 3, 1, 'JOINED', NULL, 0, '2026-04-03 10:07:52', '2026-04-03 10:07:52', 0);
INSERT INTO `arena_room_user` VALUES (284, 148, 2, 1, 'JOINED', NULL, 0, '2026-04-03 10:37:19', '2026-04-03 10:37:19', 0);
INSERT INTO `arena_room_user` VALUES (285, 148, 3, 0, 'JOINED', NULL, 0, '2026-04-03 10:37:19', '2026-04-03 10:37:19', 0);
INSERT INTO `arena_room_user` VALUES (286, 149, 2, 1, 'JOINED', NULL, 0, '2026-04-03 10:38:22', '2026-04-03 10:38:22', 0);
INSERT INTO `arena_room_user` VALUES (287, 149, 3, 0, 'JOINED', NULL, 0, '2026-04-03 10:38:22', '2026-04-03 10:38:22', 0);
INSERT INTO `arena_room_user` VALUES (288, 150, 3, 1, 'JOINED', NULL, 0, '2026-04-03 10:39:16', '2026-04-03 10:39:16', 0);
INSERT INTO `arena_room_user` VALUES (289, 150, 2, 0, 'JOINED', NULL, 0, '2026-04-03 10:39:16', '2026-04-03 10:39:16', 0);
INSERT INTO `arena_room_user` VALUES (290, 151, 3, 1, 'JOINED', NULL, 0, '2026-04-03 10:40:00', '2026-04-03 10:40:00', 0);
INSERT INTO `arena_room_user` VALUES (291, 152, 2, 1, 'JOINED', NULL, 0, '2026-04-03 10:40:26', '2026-04-03 10:40:26', 0);
INSERT INTO `arena_room_user` VALUES (292, 153, 3, 1, 'JOINED', NULL, 0, '2026-04-03 10:40:30', '2026-04-03 10:40:30', 0);
INSERT INTO `arena_room_user` VALUES (293, 154, 3, 1, 'JOINED', NULL, 0, '2026-04-03 10:40:44', '2026-04-03 10:40:44', 0);
INSERT INTO `arena_room_user` VALUES (294, 155, 3, 1, 'JOINED', NULL, 0, '2026-04-03 11:26:39', '2026-04-03 11:26:39', 0);
INSERT INTO `arena_room_user` VALUES (295, 156, 2, 1, 'JOINED', NULL, 0, '2026-04-03 11:32:02', '2026-04-03 11:32:02', 0);
INSERT INTO `arena_room_user` VALUES (296, 157, 3, 1, 'JOINED', NULL, 0, '2026-04-03 11:34:40', '2026-04-03 11:34:40', 0);
INSERT INTO `arena_room_user` VALUES (297, 157, 2, 0, 'JOINED', NULL, 0, '2026-04-03 11:34:40', '2026-04-03 11:34:40', 0);
INSERT INTO `arena_room_user` VALUES (298, 158, 3, 1, 'JOINED', NULL, 0, '2026-04-03 11:46:33', '2026-04-03 11:46:33', 0);
INSERT INTO `arena_room_user` VALUES (299, 159, 3, 1, 'JOINED', NULL, 0, '2026-04-03 11:47:00', '2026-04-03 11:47:00', 0);
INSERT INTO `arena_room_user` VALUES (300, 160, 3, 1, 'JOINED', NULL, 0, '2026-04-04 02:17:02', '2026-04-04 02:17:02', 0);
INSERT INTO `arena_room_user` VALUES (301, 161, 2, 1, 'JOINED', NULL, 0, '2026-04-04 02:20:36', '2026-04-04 02:20:36', 0);
INSERT INTO `arena_room_user` VALUES (302, 161, 3, 0, 'JOINED', NULL, 0, '2026-04-04 02:20:36', '2026-04-04 02:20:36', 0);
INSERT INTO `arena_room_user` VALUES (303, 162, 3, 1, 'JOINED', NULL, 0, '2026-04-13 01:40:44', '2026-04-13 01:40:44', 0);
INSERT INTO `arena_room_user` VALUES (304, 162, 2, 0, 'JOINED', NULL, 0, '2026-04-13 01:40:44', '2026-04-13 01:40:44', 0);
INSERT INTO `arena_room_user` VALUES (305, 163, 2, 1, 'JOINED', NULL, 0, '2026-04-13 01:41:02', '2026-04-13 01:41:02', 0);
INSERT INTO `arena_room_user` VALUES (306, 164, 3, 1, 'JOINED', NULL, 0, '2026-04-13 01:41:05', '2026-04-13 01:41:05', 0);
INSERT INTO `arena_room_user` VALUES (307, 165, 3, 1, 'JOINED', NULL, 0, '2026-04-13 01:43:49', '2026-04-13 01:43:49', 0);
INSERT INTO `arena_room_user` VALUES (308, 166, 3, 1, 'JOINED', NULL, 0, '2026-04-13 01:44:21', '2026-04-13 01:44:21', 0);
INSERT INTO `arena_room_user` VALUES (309, 167, 3, 1, 'JOINED', NULL, 0, '2026-04-13 01:47:32', '2026-04-13 01:47:32', 0);
INSERT INTO `arena_room_user` VALUES (310, 167, 2, 0, 'JOINED', NULL, 0, '2026-04-13 01:47:32', '2026-04-13 01:47:32', 0);
INSERT INTO `arena_room_user` VALUES (311, 168, 3, 1, 'JOINED', NULL, 0, '2026-04-15 11:32:36', '2026-04-15 11:32:36', 0);
INSERT INTO `arena_room_user` VALUES (312, 169, 3, 1, 'JOINED', NULL, 0, '2026-04-15 12:26:01', '2026-04-15 12:26:01', 0);
INSERT INTO `arena_room_user` VALUES (313, 169, 2, 0, 'JOINED', NULL, 0, '2026-04-15 12:26:01', '2026-04-15 12:26:01', 0);
INSERT INTO `arena_room_user` VALUES (314, 170, 2, 1, 'JOINED', NULL, 0, '2026-04-15 12:27:17', '2026-04-15 12:27:17', 0);
INSERT INTO `arena_room_user` VALUES (315, 170, 3, 0, 'JOINED', NULL, 0, '2026-04-15 12:27:17', '2026-04-15 12:27:17', 0);
INSERT INTO `arena_room_user` VALUES (318, 172, 3, 1, 'JOINED', NULL, 0, '2026-04-15 12:46:09', '2026-04-15 12:46:09', 0);
INSERT INTO `arena_room_user` VALUES (319, 172, 2, 0, 'JOINED', NULL, 0, '2026-04-15 12:46:09', '2026-04-15 12:46:09', 0);
INSERT INTO `arena_room_user` VALUES (320, 173, 3, 1, 'JOINED', NULL, 0, '2026-04-15 19:07:36', '2026-04-15 19:07:36', 0);
INSERT INTO `arena_room_user` VALUES (321, 174, 3, 1, 'JOINED', NULL, 0, '2026-05-08 16:42:03', '2026-05-08 16:42:03', 0);
INSERT INTO `arena_room_user` VALUES (322, 175, 3, 1, 'JOINED', NULL, 0, '2026-05-08 18:29:15', '2026-05-08 18:29:15', 0);
INSERT INTO `arena_room_user` VALUES (323, 176, 3, 1, 'JOINED', NULL, 0, '2026-05-08 18:29:22', '2026-05-08 18:29:22', 0);
INSERT INTO `arena_room_user` VALUES (324, 177, 3, 1, 'JOINED', NULL, 0, '2026-05-08 18:29:57', '2026-05-08 18:29:57', 0);
INSERT INTO `arena_room_user` VALUES (325, 178, 3, 1, 'JOINED', NULL, 0, '2026-05-08 18:30:24', '2026-05-08 18:30:24', 0);
INSERT INTO `arena_room_user` VALUES (326, 179, 3, 1, 'JOINED', NULL, 0, '2026-05-08 19:09:42', '2026-05-08 19:09:42', 0);
INSERT INTO `arena_room_user` VALUES (327, 180, 3, 1, 'JOINED', NULL, 0, '2026-05-08 19:10:39', '2026-05-08 19:10:39', 0);
INSERT INTO `arena_room_user` VALUES (328, 181, 3, 1, 'JOINED', NULL, 0, '2026-05-08 19:11:21', '2026-05-08 19:11:21', 0);
INSERT INTO `arena_room_user` VALUES (329, 182, 3, 1, 'JOINED', NULL, 0, '2026-05-08 19:12:23', '2026-05-08 19:12:23', 0);
INSERT INTO `arena_room_user` VALUES (330, 183, 3, 1, 'JOINED', NULL, 0, '2026-05-08 19:33:44', '2026-05-08 19:33:44', 0);
INSERT INTO `arena_room_user` VALUES (331, 184, 3, 1, 'JOINED', NULL, 0, '2026-05-08 19:33:51', '2026-05-08 19:33:51', 0);
INSERT INTO `arena_room_user` VALUES (332, 185, 2, 1, 'JOINED', NULL, 0, '2026-05-08 20:27:08', '2026-05-08 20:27:08', 0);
INSERT INTO `arena_room_user` VALUES (333, 185, 3, 0, 'JOINED', NULL, 0, '2026-05-08 20:27:08', '2026-05-08 20:27:08', 0);
INSERT INTO `arena_room_user` VALUES (334, 186, 3, 1, 'JOINED', NULL, 0, '2026-05-08 20:58:51', '2026-05-08 20:58:51', 0);
INSERT INTO `arena_room_user` VALUES (335, 187, 3, 1, 'JOINED', NULL, 0, '2026-05-08 20:59:44', '2026-05-08 20:59:44', 0);
INSERT INTO `arena_room_user` VALUES (336, 187, 2, 0, 'JOINED', NULL, 0, '2026-05-08 20:59:44', '2026-05-08 20:59:44', 0);
INSERT INTO `arena_room_user` VALUES (337, 188, 3, 1, 'JOINED', NULL, 0, '2026-05-08 21:04:50', '2026-05-08 21:04:50', 0);
INSERT INTO `arena_room_user` VALUES (338, 189, 3, 1, 'JOINED', NULL, 0, '2026-05-08 21:05:22', '2026-05-08 21:05:22', 0);
INSERT INTO `arena_room_user` VALUES (339, 190, 3, 1, 'JOINED', NULL, 0, '2026-05-08 21:08:16', '2026-05-08 21:08:16', 0);
INSERT INTO `arena_room_user` VALUES (340, 191, 3, 1, 'JOINED', NULL, 0, '2026-05-08 21:08:34', '2026-05-08 21:08:34', 0);
INSERT INTO `arena_room_user` VALUES (341, 192, 3, 1, 'JOINED', NULL, 0, '2026-05-08 21:08:38', '2026-05-08 21:08:38', 0);
INSERT INTO `arena_room_user` VALUES (342, 193, 3, 1, 'JOINED', NULL, 0, '2026-05-08 21:20:35', '2026-05-08 21:20:35', 0);
INSERT INTO `arena_room_user` VALUES (343, 194, 3, 1, 'JOINED', NULL, 0, '2026-05-08 21:20:49', '2026-05-08 21:20:49', 0);
INSERT INTO `arena_room_user` VALUES (344, 195, 3, 1, 'JOINED', NULL, 0, '2026-05-08 21:21:42', '2026-05-08 21:21:42', 0);
INSERT INTO `arena_room_user` VALUES (345, 196, 3, 1, 'JOINED', NULL, 0, '2026-05-08 21:23:12', '2026-05-08 21:23:12', 0);
INSERT INTO `arena_room_user` VALUES (346, 197, 3, 1, 'JOINED', NULL, 0, '2026-05-08 21:33:53', '2026-05-08 21:33:53', 0);
INSERT INTO `arena_room_user` VALUES (347, 198, 3, 1, 'JOINED', NULL, 0, '2026-05-08 21:33:56', '2026-05-08 21:33:56', 0);
INSERT INTO `arena_room_user` VALUES (348, 199, 3, 1, 'JOINED', NULL, 0, '2026-05-08 21:37:17', '2026-05-08 21:37:17', 0);
INSERT INTO `arena_room_user` VALUES (349, 200, 3, 1, 'JOINED', NULL, 0, '2026-05-08 22:14:48', '2026-05-08 22:14:48', 0);
INSERT INTO `arena_room_user` VALUES (350, 201, 3, 1, 'JOINED', NULL, 0, '2026-05-08 22:45:08', '2026-05-08 22:45:08', 0);
INSERT INTO `arena_room_user` VALUES (351, 202, 3, 1, 'JOINED', NULL, 0, '2026-05-09 00:05:11', '2026-05-09 00:05:11', 0);
INSERT INTO `arena_room_user` VALUES (352, 203, 3, 1, 'JOINED', NULL, 0, '2026-05-09 00:07:01', '2026-05-09 00:07:01', 0);
INSERT INTO `arena_room_user` VALUES (353, 204, 3, 1, 'JOINED', NULL, 0, '2026-05-09 00:07:55', '2026-05-09 00:07:55', 0);
INSERT INTO `arena_room_user` VALUES (354, 205, 3, 1, 'JOINED', NULL, 0, '2026-05-09 01:05:39', '2026-05-09 01:05:39', 0);
INSERT INTO `arena_room_user` VALUES (355, 205, 2, 0, 'JOINED', NULL, 0, '2026-05-09 01:05:39', '2026-05-09 01:05:39', 0);
INSERT INTO `arena_room_user` VALUES (356, 206, 3, 1, 'JOINED', NULL, 0, '2026-05-09 01:07:18', '2026-05-09 01:07:18', 0);
INSERT INTO `arena_room_user` VALUES (357, 206, 2, 0, 'JOINED', NULL, 0, '2026-05-09 01:07:18', '2026-05-09 01:07:18', 0);
INSERT INTO `arena_room_user` VALUES (358, 207, 3, 1, 'JOINED', NULL, 0, '2026-05-09 02:09:06', '2026-05-09 02:09:06', 0);
INSERT INTO `arena_room_user` VALUES (359, 207, 2, 0, 'JOINED', NULL, 0, '2026-05-09 02:09:06', '2026-05-09 02:09:06', 0);
INSERT INTO `arena_room_user` VALUES (360, 208, 3, 1, 'JOINED', NULL, 0, '2026-05-09 02:13:12', '2026-05-09 02:13:12', 0);
INSERT INTO `arena_room_user` VALUES (361, 209, 3, 1, 'JOINED', NULL, 0, '2026-05-09 02:23:57', '2026-05-09 02:23:57', 0);
INSERT INTO `arena_room_user` VALUES (362, 209, 2, 0, 'JOINED', NULL, 0, '2026-05-09 02:23:57', '2026-05-09 02:23:57', 0);

-- ----------------------------
-- Table structure for favorite_folder
-- ----------------------------
DROP TABLE IF EXISTS `favorite_folder`;
CREATE TABLE `favorite_folder`  (
  `id` bigint NOT NULL AUTO_INCREMENT COMMENT '主键, 文件夹ID',
  `user_id` bigint NOT NULL COMMENT '所属用户ID',
  `name` varchar(64) CHARACTER SET utf8mb4 COLLATE utf8mb4_unicode_ci NOT NULL COMMENT '文件夹名称 (如: 面试必刷)',
  `description` varchar(255) CHARACTER SET utf8mb4 COLLATE utf8mb4_unicode_ci NULL DEFAULT NULL COMMENT '文件夹描述',
  `is_public` tinyint NOT NULL DEFAULT 0 COMMENT '是否公开: 0-私有, 1-公开',
  `cover_url` varchar(255) CHARACTER SET utf8mb4 COLLATE utf8mb4_unicode_ci NULL DEFAULT NULL COMMENT '封面图URL',
  `create_time` datetime NOT NULL DEFAULT CURRENT_TIMESTAMP COMMENT '创建时间',
  `update_time` datetime NOT NULL DEFAULT CURRENT_TIMESTAMP ON UPDATE CURRENT_TIMESTAMP COMMENT '更新时间',
  `is_deleted` tinyint NOT NULL DEFAULT 0 COMMENT '逻辑删除(0-未删除, 1-已删除)',
  PRIMARY KEY (`id`) USING BTREE,
  INDEX `idx_user_id`(`user_id` ASC) USING BTREE
) ENGINE = InnoDB AUTO_INCREMENT = 15 CHARACTER SET = utf8mb4 COLLATE = utf8mb4_unicode_ci COMMENT = '用户收藏夹表' ROW_FORMAT = Dynamic;

-- ----------------------------
-- Records of favorite_folder
-- ----------------------------
INSERT INTO `favorite_folder` VALUES (1, 3, '1212', NULL, 0, NULL, '2026-03-05 19:00:26', '2026-03-05 19:00:51', 1);
INSERT INTO `favorite_folder` VALUES (2, 3, '测试', NULL, 0, NULL, '2026-03-05 19:00:48', '2026-04-13 02:29:00', 1);
INSERT INTO `favorite_folder` VALUES (3, 3, '1212', NULL, 0, NULL, '2026-03-05 19:19:38', '2026-03-06 13:49:27', 1);
INSERT INTO `favorite_folder` VALUES (4, 3, '1212', NULL, 0, NULL, '2026-03-06 13:49:30', '2026-04-13 02:28:59', 1);
INSERT INTO `favorite_folder` VALUES (5, 3, '1111', NULL, 0, NULL, '2026-03-06 13:49:57', '2026-04-13 02:28:57', 1);
INSERT INTO `favorite_folder` VALUES (6, 3, '1', NULL, 0, NULL, '2026-03-06 16:24:49', '2026-03-06 16:24:53', 1);
INSERT INTO `favorite_folder` VALUES (7, 3, '1', NULL, 0, NULL, '2026-03-06 16:25:22', '2026-03-06 16:44:05', 1);
INSERT INTO `favorite_folder` VALUES (8, 3, '1', NULL, 0, NULL, '2026-03-06 16:53:08', '2026-03-06 16:53:25', 1);
INSERT INTO `favorite_folder` VALUES (9, 3, '测试2', NULL, 0, NULL, '2026-04-01 05:15:05', '2026-04-13 02:28:55', 1);
INSERT INTO `favorite_folder` VALUES (10, 2, '1212', NULL, 0, NULL, '2026-04-01 05:19:44', '2026-04-04 03:44:31', 1);
INSERT INTO `favorite_folder` VALUES (11, 3, '待巩固', NULL, 0, NULL, '2026-04-13 02:29:20', '2026-04-13 02:29:20', 0);
INSERT INTO `favorite_folder` VALUES (12, 3, '面试必刷', NULL, 0, NULL, '2026-04-13 02:29:40', '2026-04-13 02:29:40', 0);
INSERT INTO `favorite_folder` VALUES (13, 3, '11', NULL, 0, NULL, '2026-05-06 22:29:09', '2026-05-06 22:29:11', 1);
INSERT INTO `favorite_folder` VALUES (14, 2, '测试', NULL, 0, NULL, '2026-05-09 00:08:24', '2026-05-09 00:08:24', 0);

-- ----------------------------
-- Table structure for favorite_item
-- ----------------------------
DROP TABLE IF EXISTS `favorite_item`;
CREATE TABLE `favorite_item`  (
  `id` bigint NOT NULL AUTO_INCREMENT COMMENT '主键',
  `user_id` bigint NOT NULL COMMENT '用户ID (冗余字段，方便直接统计用户所有收藏)',
  `folder_id` bigint NOT NULL COMMENT '收藏夹ID',
  `problem_id` bigint NOT NULL COMMENT '题目ID',
  `create_time` datetime NOT NULL DEFAULT CURRENT_TIMESTAMP COMMENT '收藏时间',
  `update_time` datetime NOT NULL DEFAULT CURRENT_TIMESTAMP ON UPDATE CURRENT_TIMESTAMP COMMENT '更新时间',
  `is_deleted` tinyint NOT NULL DEFAULT 0 COMMENT '逻辑删除(0-未删除, 1-已删除)',
  PRIMARY KEY (`id`) USING BTREE,
  UNIQUE INDEX `uk_folder_problem`(`folder_id` ASC, `problem_id` ASC) USING BTREE,
  INDEX `idx_user_id`(`user_id` ASC) USING BTREE
) ENGINE = InnoDB AUTO_INCREMENT = 71 CHARACTER SET = utf8mb4 COLLATE = utf8mb4_unicode_ci COMMENT = '收藏夹题目明细表' ROW_FORMAT = Dynamic;

-- ----------------------------
-- Records of favorite_item
-- ----------------------------
INSERT INTO `favorite_item` VALUES (1, 3, 2, 1, '2026-03-05 19:01:10', '2026-04-12 18:29:00', 1);
INSERT INTO `favorite_item` VALUES (2, 3, 2, 2, '2026-03-05 19:01:27', '2026-03-05 11:01:31', 1);
INSERT INTO `favorite_item` VALUES (4, 3, 2, 3, '2026-03-05 19:02:14', '2026-03-06 08:54:41', 1);
INSERT INTO `favorite_item` VALUES (5, 3, 2, 6, '2026-03-05 19:02:32', '2026-03-06 05:49:04', 1);
INSERT INTO `favorite_item` VALUES (9, 3, 2, 4, '2026-03-05 19:08:44', '2026-04-12 18:29:00', 1);
INSERT INTO `favorite_item` VALUES (15, 3, 2, 16, '2026-03-05 19:15:52', '2026-03-05 11:23:27', 1);
INSERT INTO `favorite_item` VALUES (19, 3, 3, 1, '2026-03-05 19:19:54', '2026-03-06 05:49:26', 1);
INSERT INTO `favorite_item` VALUES (24, 3, 3, 2, '2026-03-05 19:23:12', '2026-03-06 05:49:26', 1);
INSERT INTO `favorite_item` VALUES (26, 3, 3, 16, '2026-03-05 19:23:40', '2026-03-06 05:49:26', 1);
INSERT INTO `favorite_item` VALUES (30, 3, 3, 6, '2026-03-06 05:49:04', '2026-03-06 05:49:26', 1);
INSERT INTO `favorite_item` VALUES (31, 3, 4, 1, '2026-03-06 05:49:50', '2026-04-12 18:28:58', 1);
INSERT INTO `favorite_item` VALUES (32, 3, 5, 2, '2026-03-06 05:49:57', '2026-03-06 05:50:09', 1);
INSERT INTO `favorite_item` VALUES (33, 3, 4, 2, '2026-03-06 05:50:10', '2026-04-12 18:28:58', 1);
INSERT INTO `favorite_item` VALUES (35, 3, 5, 1, '2026-03-06 05:59:41', '2026-03-31 21:39:52', 1);
INSERT INTO `favorite_item` VALUES (37, 3, 5, 3, '2026-03-06 08:53:09', '2026-04-12 18:28:56', 1);
INSERT INTO `favorite_item` VALUES (38, 3, 8, 3, '2026-03-06 08:53:09', '2026-03-06 08:53:24', 1);
INSERT INTO `favorite_item` VALUES (40, 3, 4, 3, '2026-03-06 08:53:09', '2026-04-12 18:28:58', 1);
INSERT INTO `favorite_item` VALUES (45, 3, 4, 4, '2026-03-11 18:54:41', '2026-04-12 18:28:58', 1);
INSERT INTO `favorite_item` VALUES (46, 3, 5, 4, '2026-03-11 18:54:41', '2026-04-12 18:28:56', 1);
INSERT INTO `favorite_item` VALUES (47, 3, 9, 1, '2026-03-31 21:15:06', '2026-03-31 21:39:52', 1);
INSERT INTO `favorite_item` VALUES (48, 2, 10, 1, '2026-03-31 21:19:44', '2026-04-03 19:44:30', 1);
INSERT INTO `favorite_item` VALUES (51, 2, 10, 2, '2026-04-02 16:14:17', '2026-04-03 19:44:30', 1);
INSERT INTO `favorite_item` VALUES (53, 2, 10, 18, '2026-04-03 02:41:21', '2026-04-03 19:44:30', 1);
INSERT INTO `favorite_item` VALUES (54, 3, 2, 8, '2026-04-03 03:45:50', '2026-04-12 18:29:00', 1);
INSERT INTO `favorite_item` VALUES (55, 3, 9, 8, '2026-04-03 03:45:50', '2026-04-12 18:28:54', 1);
INSERT INTO `favorite_item` VALUES (56, 2, 10, 3, '2026-04-03 18:11:51', '2026-04-03 19:44:30', 1);
INSERT INTO `favorite_item` VALUES (57, 3, 11, 18, '2026-04-12 18:29:56', '2026-04-12 18:29:56', 0);
INSERT INTO `favorite_item` VALUES (58, 3, 12, 18, '2026-04-12 18:29:56', '2026-05-08 16:06:56', 0);
INSERT INTO `favorite_item` VALUES (59, 3, 11, 10, '2026-04-12 18:30:00', '2026-04-12 18:30:00', 0);
INSERT INTO `favorite_item` VALUES (60, 3, 12, 10, '2026-04-12 18:30:00', '2026-04-12 18:30:00', 0);
INSERT INTO `favorite_item` VALUES (61, 3, 11, 7, '2026-04-12 18:30:07', '2026-04-12 18:30:07', 0);
INSERT INTO `favorite_item` VALUES (62, 3, 11, 19, '2026-04-12 18:30:11', '2026-04-12 18:30:11', 0);
INSERT INTO `favorite_item` VALUES (63, 3, 12, 19, '2026-04-12 18:30:11', '2026-04-12 18:30:11', 0);
INSERT INTO `favorite_item` VALUES (64, 3, 11, 1, '2026-04-15 13:00:11', '2026-04-15 13:00:11', 0);
INSERT INTO `favorite_item` VALUES (65, 3, 12, 1, '2026-04-15 13:00:11', '2026-04-15 13:00:11', 0);
INSERT INTO `favorite_item` VALUES (66, 3, 11, 3, '2026-04-15 13:00:13', '2026-04-15 13:00:13', 0);
INSERT INTO `favorite_item` VALUES (68, 2, 14, 18, '2026-05-08 16:08:27', '2026-05-08 16:08:27', 0);
INSERT INTO `favorite_item` VALUES (69, 3, 12, 4, '2026-05-08 16:10:49', '2026-05-08 16:10:57', 1);
INSERT INTO `favorite_item` VALUES (70, 3, 12, 5, '2026-05-09 00:17:16', '2026-05-08 16:17:23', 1);

-- ----------------------------
-- Table structure for problem
-- ----------------------------
DROP TABLE IF EXISTS `problem`;
CREATE TABLE `problem`  (
  `id` bigint NOT NULL AUTO_INCREMENT COMMENT '主键, 题目ID',
  `display_id` varchar(32) CHARACTER SET utf8mb4 COLLATE utf8mb4_unicode_ci NULL DEFAULT NULL COMMENT '展示用ID(如 P-1001)',
  `title` varchar(128) CHARACTER SET utf8mb4 COLLATE utf8mb4_unicode_ci NOT NULL COMMENT '题目标题',
  `description` longtext CHARACTER SET utf8mb4 COLLATE utf8mb4_unicode_ci NOT NULL COMMENT '题目描述 (Markdown格式)',
  `difficulty` tinyint NOT NULL DEFAULT 1 COMMENT '难度: 1-Easy, 2-Medium, 3-Hard',
  `tags` json NULL COMMENT '标签列表 (JSON数组, 如 [\"动态规划\", \"数组\"])',
  `examples` json NULL COMMENT '测试用例示例(JSON数组，包含 input, output, explanation)',
  `time_limit` int NOT NULL DEFAULT 1000 COMMENT '时间限制 (单位: ms)',
  `memory_limit` int NOT NULL DEFAULT 256 COMMENT '空间限制 (单位: MB)',
  `submit_num` int NOT NULL DEFAULT 0 COMMENT '总提交次数',
  `accepted_num` int NOT NULL DEFAULT 0 COMMENT '总通过次数',
  `status` int NULL DEFAULT 1 COMMENT '0-草稿,1-已上架,2-已下架',
  `create_time` datetime NOT NULL DEFAULT CURRENT_TIMESTAMP COMMENT '创建时间',
  `update_time` datetime NOT NULL DEFAULT CURRENT_TIMESTAMP ON UPDATE CURRENT_TIMESTAMP COMMENT '更新时间',
  `is_deleted` tinyint NOT NULL DEFAULT 0 COMMENT '逻辑删除(0-未删除, 1-已删除)',
  PRIMARY KEY (`id`) USING BTREE,
  UNIQUE INDEX `uk_display_id`(`display_id` ASC) USING BTREE,
  INDEX `idx_difficulty`(`difficulty` ASC) USING BTREE,
  INDEX `idx_tags`((cast(`tags` as char(32) array))) USING BTREE
) ENGINE = InnoDB AUTO_INCREMENT = 25 CHARACTER SET = utf8mb4 COLLATE = utf8mb4_unicode_ci COMMENT = '题库基础信息表' ROW_FORMAT = Dynamic;

-- ----------------------------
-- Records of problem
-- ----------------------------
INSERT INTO `problem` VALUES (1, 'P-1001', '两数之和', '给定一个整数数组 `nums` 和一个整数目标值 `target`，请你在该数组中找出 **和为目标值** `target` 的那两个整数，并返回它们的数组下标。\n\n你可以假设每种输入只会对应一个答案。但是，数组中同一个元素在答案里不能重复出现。', 1, '[\"数组\", \"哈希表\"]', '[{\"input\": \"nums = [2,7,11,15], target = 9\", \"output\": \"[0,1]\", \"explanation\": \"因为 nums[0] + nums[1] == 9 ，返回 [0, 1] 。\"}]', 1000, 256, 1254320, 626800, 1, '2026-03-29 01:00:00', '2026-03-28 16:39:00', 0);
INSERT INTO `problem` VALUES (2, 'P-1002', '爬楼梯', '假设你正在爬楼梯。需要 `n` 阶你才能到达楼顶。\n\n每次你可以爬 1 或 2 个台阶。你有多少种不同的方法可以爬到楼顶呢？', 1, '[\"数学\", \"动态规划\", \"记忆化搜索\"]', '[{\"input\": \"n = 2\", \"output\": \"2\", \"explanation\": \"有两种方法可以爬到楼顶。1. 1 阶 + 1 阶; 2. 2 阶\"}]', 1000, 256, 875000, 439500, 1, '2026-03-29 01:00:00', '2026-03-28 16:39:00', 0);
INSERT INTO `problem` VALUES (3, 'P-1003', '有效的括号', '给定一个只包括 `(`, `)`, `{`, `}`, `[`, `]` 的字符串 `s` ，判断字符串是否有效。\n\n有效字符串需满足：\n1. 左括号必须用相同类型的右括号闭合。\n2. 左括号必须以正确的顺序闭合。', 1, '[\"栈\", \"字符串\"]', '[{\"input\": \"s = \\\"()[]{}\\\"\", \"output\": \"true\"}]', 1000, 256, 968001, 431001, 1, '2026-03-29 01:00:00', '2026-05-08 12:20:02', 0);
INSERT INTO `problem` VALUES (4, 'P-1004', '反转链表', '给你单链表的头节点 `head` ，请你反转链表，并返回反转后的链表。', 1, '[\"链表\", \"递归\"]', '[{\"input\": \"head = [1,2,3,4,5]\", \"output\": \"[5,4,3,2,1]\"}]', 1000, 256, 1085400, 762100, 1, '2026-03-29 01:00:00', '2026-03-28 16:39:00', 0);
INSERT INTO `problem` VALUES (5, 'P-1005', '买卖股票的最佳时机', '给定一个数组 `prices` ，它的第 `i` 个元素 `prices[i]` 表示一支给定股票第 `i` 天的价格。\n\n你只能选择 **某一天** 买入这只股票，并选择在 **未来的某一个不同的日子** 卖出该股票。设计一个算法来计算你所能获取的最大利润。如果不能获取任何利润，返回 0。', 1, '[\"数组\", \"动态规划\"]', '[{\"input\": \"prices = [7,1,5,3,6,4]\", \"output\": \"5\", \"explanation\": \"在第 2 天（股票价格 = 1）的时候买入，在第 5 天（股票价格 = 6）的时候卖出，最大利润 = 6-1 = 5 。\"}]', 1000, 256, 862000, 434000, 1, '2026-03-29 01:00:00', '2026-03-28 16:39:00', 0);
INSERT INTO `problem` VALUES (6, 'P-1006', '环形链表', '给你一个链表的头节点 `head` ，判断链表中是否有环。\n\n如果链表中有某个节点，可以通过连续跟踪 `next` 指针再次到达，则链表中存在环。如果链表中存在环，则返回 `true` 。 否则，返回 `false` 。', 1, '[\"哈希表\", \"链表\", \"双指针\"]', '[{\"input\": \"head = [3,2,0,-4], pos = 1\", \"output\": \"true\", \"explanation\": \"链表中有一个环，其尾部连接到第二个节点。\"}]', 1000, 256, 750001, 395000, 1, '2026-03-29 01:00:00', '2026-05-08 17:11:55', 0);
INSERT INTO `problem` VALUES (7, 'P-1007', '二叉树的中序遍历', '给定一个二叉树的根节点 `root` ，返回它的 **中序** 遍历。', 1, '[\"栈\", \"树\", \"深度优先搜索\", \"二叉树\"]', '[{\"input\": \"root = [1,null,2,3]\", \"output\": \"[1,3,2]\"}]', 1000, 256, 676500, 458200, 1, '2026-03-29 01:00:00', '2026-03-28 16:39:00', 0);
INSERT INTO `problem` VALUES (8, 'P-1008', '字符串相加', '给定两个字符串形式的非负整数 `num1` 和 `num2` ，计算它们的和并同样以字符串形式返回。\n\n你不能使用任何內建的用于处理大整数的库（比如 BigInteger）， 也不能直接将输入的字符串转换为整数形式。', 1, '[\"数学\", \"字符串\", \"模拟\"]', '[{\"input\": \"num1 = \\\"11\\\", num2 = \\\"123\\\"\", \"output\": \"\\\"134\\\"\"}]', 1000, 256, 320000, 160000, 1, '2026-03-29 01:00:00', '2026-03-28 16:39:00', 0);
INSERT INTO `problem` VALUES (9, 'P-1009', '无重复字符的最长子串', '给定一个字符串 `s` ，请你找出其中不含有重复字符的 **最长子串** 的长度。', 2, '[\"字符串\", \"滑动窗口\", \"哈希表\"]', '[{\"input\": \"s = \\\"abcabcbb\\\"\", \"output\": \"3\", \"explanation\": \"因为无重复字符的最长子串是 \\\"abc\\\" ，所以其长度为 3。\"}]', 1000, 256, 968000, 322100, 1, '2026-03-29 01:00:00', '2026-03-28 16:39:00', 0);
INSERT INTO `problem` VALUES (10, 'P-1010', '岛屿数量', '给你一个由 `\'1\'`（陆地）和 `\'0\'`（水）组成的的二维网格，请你计算网格中岛屿的数量。\n\n岛屿总是被水包围，并且每座岛屿只能由水平方向和/或竖直方向上相邻的陆地连接形成。', 2, '[\"深度优先搜索\", \"广度优先搜索\", \"并查集\", \"数组\", \"矩阵\"]', '[{\"input\": \"grid = [[\\\"1\\\",\\\"1\\\",\\\"1\\\",\\\"1\\\",\\\"0\\\"],[\\\"1\\\",\\\"1\\\",\\\"0\\\",\\\"1\\\",\\\"0\\\"],[\\\"1\\\",\\\"1\\\",\\\"0\\\",\\\"0\\\",\\\"0\\\"],[\\\"0\\\",\\\"0\\\",\\\"0\\\",\\\"0\\\",\\\"0\\\"]]\", \"output\": \"1\"}]', 2000, 256, 535000, 319500, 1, '2026-03-29 01:00:00', '2026-03-28 16:39:00', 0);
INSERT INTO `problem` VALUES (11, 'P-1011', '螺旋矩阵', '给你一个 `m` 行 `n` 列的矩阵 `matrix` ，请按照 **顺时针螺旋顺序** ，返回矩阵中的所有元素。', 2, '[\"数组\", \"矩阵\", \"模拟\"]', '[{\"input\": \"matrix = [[1,2,3],[4,5,6],[7,8,9]]\", \"output\": \"[1,2,3,6,9,8,7,4,5]\"}]', 1000, 256, 420001, 195000, 1, '2026-03-29 01:00:00', '2026-05-08 17:06:04', 0);
INSERT INTO `problem` VALUES (12, 'P-1012', '全排列', '给定一个不含重复数字的数组 `nums` ，返回其 **所有可能的全排列** 。你可以 **按任意顺序** 返回答案。', 2, '[\"数组\", \"回溯\"]', '[{\"input\": \"nums = [1,2,3]\", \"output\": \"[[1,2,3],[1,3,2],[2,1,3],[2,3,1],[3,1,2],[3,2,1]]\"}]', 1000, 256, 429000, 322500, 1, '2026-03-29 01:00:00', '2026-03-28 16:39:00', 0);
INSERT INTO `problem` VALUES (13, 'P-1013', '零钱兑换', '给你一个整数数组 `coins` ，表示不同面额的硬币；以及一个整数 `amount` ，表示总金额。\n\n计算并返回可以凑成总金额所需的 **最少的硬币个数** 。如果没有任何一种硬币组合能组成总金额，返回 `-1` 。', 2, '[\"广度优先搜索\", \"数组\", \"动态规划\"]', '[{\"input\": \"coins = [1, 2, 5], amount = 11\", \"output\": \"3\", \"explanation\": \"11 = 5 + 5 + 1\"}]', 2000, 256, 510000, 235000, 1, '2026-03-29 01:00:00', '2026-03-28 16:39:00', 0);
INSERT INTO `problem` VALUES (14, 'P-1014', '最长递增子序列', '给你一个整数数组 `nums` ，找到其中最长严格递增子序列的长度。\n\n**子序列** 是由数组派生而来的序列，删除（或不删除）数组中的元素而不改变其余元素的顺序。例如，`[3,6,2,7]` 是数组 `[0,3,1,6,2,2,7]` 的子序列。', 2, '[\"数组\", \"二分查找\", \"动态规划\"]', '[{\"input\": \"nums = [10,9,2,5,3,7,101,18]\", \"output\": \"4\", \"explanation\": \"最长递增子序列是 [2,3,7,101]，因此长度为 4 。\"}]', 1000, 256, 450000, 225000, 1, '2026-03-29 01:00:00', '2026-03-28 16:39:00', 0);
INSERT INTO `problem` VALUES (15, 'P-1015', 'LRU 缓存', '请你设计并实现一个满足 **LRU (最近最少使用) 缓存** 约束的数据结构。\n\n实现 `LRUCache` 类：\n- `LRUCache(int capacity)` 以正整数作为容量初始化 LRU 缓存\n- `int get(int key)` 如果关键字 `key` 存在于缓存中，则返回关键字的值，否则返回 `-1` \n- `void put(int key, int value)` 如果关键字 `key` 已经存在，则变更其数据值；如果不存在，则向缓存中插入该组 `key-value`。如果插入导致关键字数量超过 `capacity`，则应该逐出最久未使用的关键字。\n\n函数 `get` 和 `put` 必须以 `O(1)` 的平均时间复杂度运行。', 2, '[\"设计\", \"哈希表\", \"链表\", \"双向链表\"]', '[{\"input\": \"[\\\"LRUCache\\\", \\\"put\\\", \\\"put\\\", \\\"get\\\", \\\"put\\\", \\\"get\\\", \\\"put\\\", \\\"get\\\", \\\"get\\\", \\\"get\\\"]\\n[[2], [1, 1], [2, 2], [1], [3, 3], [2], [4, 4], [1], [3], [4]]\", \"output\": \"[null, null, null, 1, null, -1, null, -1, 3, 4]\"}]', 2000, 256, 345200, 183500, 1, '2026-03-29 01:00:00', '2026-03-28 16:39:00', 0);
INSERT INTO `problem` VALUES (16, 'P-1016', '数组中的第K个最大元素', '给定整数数组 `nums` 和整数 `k`，请返回数组中第 `k` 个最大的元素。\n\n请注意，你需要找的是数组排序后的第 `k` 个最大的元素，而不是第 `k` 个不同的元素。\n\n你必须设计并实现时间复杂度为 `O(n)` 的算法解决此问题。', 2, '[\"数组\", \"分治\", \"快速选择\", \"排序\", \"堆（优先队列）\"]', '[{\"input\": \"nums = [3,2,1,5,6,4], k = 2\", \"output\": \"5\"}]', 1500, 256, 456300, 285100, 1, '2026-03-29 01:00:00', '2026-03-28 16:39:00', 0);
INSERT INTO `problem` VALUES (17, 'P-1017', '二叉树的最近公共祖先', '给定一个二叉树, 找到该树中两个指定节点的最近公共祖先。\n\n百度百科中最近公共祖先的定义为：“对于有根树 T 的两个节点 p、q，最近公共祖先表示为一个节点 x，满足 x 是 p、q 的祖先且 x 的深度尽可能大（一个节点也可以是它自己的祖先）。”', 2, '[\"树\", \"深度优先搜索\", \"二叉树\"]', '[{\"input\": \"root = [3,5,1,6,2,0,8,null,null,7,4], p = 5, q = 1\", \"output\": \"3\", \"explanation\": \"节点 5 和节点 1 的最近公共祖先是节点 3 。\"}]', 1000, 256, 380000, 250000, 1, '2026-03-29 01:00:00', '2026-03-28 16:39:00', 0);
INSERT INTO `problem` VALUES (18, 'P-1018', '接雨水', '给定 `n` 个非负整数表示每个宽度为 `1` 的柱子的高度图，计算按此排列的柱子，下雨之后能接多少雨水。', 3, '[\"栈\", \"数组\", \"双指针\", \"动态规划\"]', '[{\"input\": \"height = [0,1,0,2,1,0,1,3,2,1,2,1]\", \"output\": \"6\"}]', 1000, 256, 438000, 224000, 1, '2026-03-29 01:00:00', '2026-03-28 16:39:00', 0);
INSERT INTO `problem` VALUES (19, 'P-1019', '合并 K 个升序链表', '给你一个链表数组，每个链表都已经按升序排列。\n\n请你将所有链表合并到一个升序链表中，返回合并后的链表。', 3, '[\"链表\", \"分治\", \"堆（优先队列）\"]', '[{\"input\": \"lists = [[1,4,5],[1,3,4],[2,6]]\", \"output\": \"[1,1,2,3,4,4,5,6]\"}]', 2000, 256, 319800, 181400, 1, '2026-03-29 01:00:00', '2026-03-28 16:39:00', 0);
INSERT INTO `problem` VALUES (20, 'P-1020', 'N 皇后', '按照国际象棋的规则，皇后可以攻击与之处在同一行或同一列或同一斜线上的棋子。\n\n**n 皇后问题** 研究的是如何将 `n` 个皇后放置在 `n×n` 的棋盘上，并且使皇后彼此之间不能相互攻击。\n\n给你一个整数 `n` ，返回所有不同的 **n 皇后问题** 的解决方案。每一种解法包含一个不同的棋子放置方案，该方案中 `\'Q\'` 和 `\'.\'` 分别代表了皇后和空位。', 3, '[\"数组\", \"回溯\"]', '[{\"input\": \"n = 4\", \"output\": \"[[\\\".Q..\\\",\\\"...Q\\\",\\\"Q...\\\",\\\"..Q.\\\"],[\\\"..Q.\\\",\\\"Q...\\\",\\\"...Q\\\",\\\".Q..\\\"]]\", \"explanation\": \"4 皇后问题存在两个不同的解法。\"}]', 2000, 256, 228400, 116800, 1, '2026-03-29 01:00:00', '2026-03-28 16:39:00', 0);
INSERT INTO `problem` VALUES (21, NULL, '测试', '测试', 2, '[\"1\", \"3\", \"4\"]', '[{\"input\": \"测试\", \"output\": \"11\", \"explanation\": \"是的发顺丰\"}]', 1000, 256, 1, 0, 1, '2026-05-07 16:26:17', '2026-05-07 08:58:13', 1);
INSERT INTO `problem` VALUES (22, NULL, '1', '1', 1, '[\"1\"]', '[]', 1000, 256, 2, 1, 1, '2026-05-07 16:59:20', '2026-05-07 09:12:06', 1);
INSERT INTO `problem` VALUES (23, NULL, '2', '2', 1, '[]', '[]', 1000, 256, 1, 1, 1, '2026-05-07 17:08:42', '2026-05-07 09:12:04', 1);
INSERT INTO `problem` VALUES (24, NULL, '1', '1', 1, '[]', '[]', 1000, 256, 0, 0, 0, '2026-05-08 14:23:10', '2026-05-08 06:23:12', 1);

-- ----------------------------
-- Table structure for problem_solution
-- ----------------------------
DROP TABLE IF EXISTS `problem_solution`;
CREATE TABLE `problem_solution`  (
  `id` bigint NOT NULL AUTO_INCREMENT COMMENT '主键',
  `problem_id` bigint NOT NULL COMMENT '关联题目ID',
  `author_id` bigint NOT NULL COMMENT '题解作者ID (关联 user 表)',
  `title` varchar(128) CHARACTER SET utf8mb4 COLLATE utf8mb4_unicode_ci NOT NULL COMMENT '题解标题',
  `content` longtext CHARACTER SET utf8mb4 COLLATE utf8mb4_unicode_ci NOT NULL COMMENT '题解正文(富文本/Markdown)',
  `code` text CHARACTER SET utf8mb4 COLLATE utf8mb4_unicode_ci NULL COMMENT '题解核心代码',
  `view_count` int NOT NULL DEFAULT 0 COMMENT '阅读量',
  `create_time` datetime NOT NULL DEFAULT CURRENT_TIMESTAMP COMMENT '创建时间',
  `update_time` datetime NOT NULL DEFAULT CURRENT_TIMESTAMP ON UPDATE CURRENT_TIMESTAMP COMMENT '更新时间',
  `is_deleted` tinyint NOT NULL DEFAULT 0 COMMENT '逻辑删除(0-未删除, 1-已删除)',
  `is_official` tinyint NULL DEFAULT 0 COMMENT '是否官方题解(0-否 1-是)',
  PRIMARY KEY (`id`) USING BTREE,
  INDEX `idx_problem_id`(`problem_id` ASC) USING BTREE
) ENGINE = InnoDB AUTO_INCREMENT = 29 CHARACTER SET = utf8mb4 COLLATE = utf8mb4_unicode_ci COMMENT = '题目官方题解表' ROW_FORMAT = DYNAMIC;

-- ----------------------------
-- Records of problem_solution
-- ----------------------------
INSERT INTO `problem_solution` VALUES (22, 1, 3, '两数之和', '利用哈希表进行“边走边记”的反向匹配。它通过一次遍历数组，将每个数字及其索引存入哈希表；在存入之前，先去表中查找是否存在能与当前数字凑成目标值的“另一半”。这种做法将传统双重循环O(N^2)的搜索时间，通过空间换时间的方式优化到了O(N)，即在一次扫描中就能锁定答案。', 'import java.util.*;\r\nimport java.io.*;\r\n\r\npublic class Solution {\r\n\r\n    /**\r\n     * 核心算法逻辑写在这里\r\n     */\r\n    public int[] solve(int[] nums, int target) {\r\n        Map<Integer, Integer> map = new HashMap<>();\r\n        for (int i = 0; i < nums.length; i++) {\r\n            int complement = target - nums[i];\r\n            if (map.containsKey(complement)) {\r\n                return new int[] { map.get(complement), i };\r\n            }\r\n            map.put(nums[i], i);\r\n        }\r\n        return new int[0];\r\n    }\r\n\r\n    /**\r\n     * CodeNexus ACM 模式程序入口\r\n     * 请在此处解析标准输入 (Standard Input) 并打印标准输出 (Standard Output)\r\n     */\r\n    public static void main(String[] args) {\r\n        Scanner scanner = new Scanner(System.in);\r\n        \r\n        // 假设输入格式示例：\r\n        // [2,7,11,15]\r\n        // 9\r\n        if (scanner.hasNextLine()) {\r\n            // 1. 读取并解析输入数据\r\n            String line = scanner.nextLine().trim();\r\n            // 去除前后方括号\r\n            line = line.replace(\"[\", \"\").replace(\"]\", \"\");\r\n            String[] parts = line.split(\",\");\r\n            int[] nums = new int[parts.length];\r\n            for (int i = 0; i < parts.length; i++) {\r\n                nums[i] = Integer.parseInt(parts[i].trim());\r\n            }\r\n            \r\n            int target = Integer.parseInt(scanner.nextLine().trim());\r\n            \r\n            // 2. 实例化并调用核心算法\r\n            Solution sol = new Solution();\r\n            int[] result = sol.solve(nums, target);\r\n            \r\n            // 3. 按照题目要求的格式打印输出\r\n            if (result.length == 2) {\r\n                System.out.println(\"[\" + result[0] + \",\" + result[1] + \"]\");\r\n            } else {\r\n                System.out.println(\"[]\");\r\n            }\r\n        }\r\n        scanner.close();\r\n    }\r\n}', 1432, '2026-04-03 04:10:27', '2026-04-03 19:38:17', 0, 0);
INSERT INTO `problem_solution` VALUES (23, 2, 3, '爬楼梯', '### 解题思路\n\n爬楼梯问题是经典的动态规划问题，本质上也是斐波那契数列问题。\n\n1. 假设爬到第 n 阶有 f(n) 种方法。\n2. 因为每次只能爬 1 阶或 2 阶，所以到达第 n 阶的最后一步只有两种情况：要么是从第 n-1 阶跨 1 步上来，要么是从第 n-2 阶跨 2 步上来。\n3. 因此，状态转移方程为：f(n) = f(n-1) + f(n-2)。\n4. 边界条件为：f(1) = 1，f(2) = 2。\n5. 为了优化空间复杂度，我们可以不使用数组，而是只用两个变量来交替存储前两项的状态，这样可以将空间复杂度从 O(n) 降至 O(1)。', 'import java.util.*;\nimport java.io.*;\n\npublic class Solution {\n\n    /**\n     * 核心算法逻辑写在这里\n     */\n    public int solve(int n) {\n        if (n <= 2) {\n            return n;\n        }\n        \n        int prev1 = 1; // 相当于 dp[i-2]\n        int prev2 = 2; // 相当于 dp[i-1]\n        int current = 0; // 相当于 dp[i]\n        \n        for (int i = 3; i <= n; i++) {\n            current = prev1 + prev2;\n            prev1 = prev2;\n            prev2 = current;\n        }\n        \n        return current;\n    }\n\n    /**\n     * CodeNexus ACM 模式程序入口\n     * 请在此处解析标准输入 (Standard Input) 并打印标准输出 (Standard Output)\n     */\n    public static void main(String[] args) {\n        Scanner scanner = new Scanner(System.in);\n        \n        if (scanner.hasNextInt()) {\n            // 1. 读取并解析输入数据\n            int n = scanner.nextInt();\n            \n            // 2. 实例化并调用核心算法\n            Solution sol = new Solution();\n            int result = sol.solve(n);\n            \n            // 3. 按照题目要求的格式打印输出\n            System.out.println(result);\n        }\n        \n        scanner.close();\n    }\n}', 1674, '2026-04-03 04:12:25', '2026-05-06 15:03:38', 0, 0);
INSERT INTO `problem_solution` VALUES (24, 3, 3, '有效的括号', '### 解题思路\r\n\r\n判断括号的有效性是**栈（Stack）**数据结构的经典应用场景。因为括号具有“后进先出”的对称匹配特性。\r\n\r\n1. **初始化栈**：我们可以遍历给定的字符串 `s`。\r\n2. **遇到左括号**：如果遇到 `(`、`{`、`[`，我们将它们直接压入栈中。\r\n3. **遇到右括号**：如果遇到 `)`、`}`、`]`，我们需要判断此时栈是否为空：\r\n   - 如果栈为空，说明没有多余的左括号来匹配当前的右括号，返回 `false`。\r\n   - 如果栈不为空，弹出栈顶元素，判断栈顶的左括号是否和当前的右括号类型匹配。如果不匹配，也返回 `false`。\r\n4. **遍历结束**：当字符串遍历完成后，如果栈为空，说明所有括号都已经正确匹配并闭合，返回 `true`；如果栈中还有未匹配的左括号，说明闭合不完整，返回 `false`。\r\n\r\n### 代码实现\r\n\r\n```java\r\nimport java.util.*;\r\nimport java.io.*;\r\n\r\npublic class Solution {\r\n\r\n    /**\r\n     * 核心算法逻辑写在这里\r\n     */\r\n    public boolean solve(String s) {\r\n        Stack<Character> stack = new Stack<>();\r\n        for (char c : s.toCharArray()) {\r\n            // 遇到左括号入栈\r\n            if (c == \'(\' || c == \'{\' || c == \'[\') {\r\n                stack.push(c);\r\n            } \r\n            // 遇到右括号进行匹配\r\n            else {\r\n                if (stack.isEmpty()) {\r\n                    return false;\r\n                }\r\n                char top = stack.pop();\r\n                if ((c == \')\' && top != \'(\') ||\r\n                    (c == \'}\' && top != \'{\') ||\r\n                    (c == \']\' && top != \'[\')) {\r\n                    return false;\r\n                }\r\n            }\r\n        }\r\n        // 最终检查栈是否为空\r\n        return stack.isEmpty();\r\n    }\r\n\r\n    /**\r\n     * CodeNexus ACM 模式程序入口\r\n     * 请在此处解析标准输入 (Standard Input) 并打印标准输出 (Standard Output)\r\n     */\r\n    public static void main(String[] args) {\r\n        Scanner scanner = new Scanner(System.in);\r\n        \r\n        if (scanner.hasNextLine()) {\r\n            // 1. 读取并解析输入数据\r\n            String s = scanner.nextLine().trim();\r\n            \r\n            // 处理输入可能包含的双引号 (例如 s = \"()[]{}\")\r\n            if (s.startsWith(\"\"\") && s.endsWith(\"\"\")) {\r\n                s = s.substring(1, s.length() - 1);\r\n            }\r\n            \r\n            // 2. 实例化并调用核心算法\r\n            Solution sol = new Solution();\r\n            boolean result = sol.solve(s);\r\n            \r\n            // 3. 按照题目要求的格式打印输出\r\n            System.out.println(result);\r\n        }\r\n        \r\n        scanner.close();\r\n    }\r\n}\r\n```', NULL, 1107, '2026-04-03 04:14:54', '2026-05-08 20:19:21', 1, 0);
INSERT INTO `problem_solution` VALUES (25, 3, 3, '有效的括号', '### 解题思路\n\n判断括号的有效性是**栈（Stack）**数据结构的经典应用场景。因为括号具有“后进先出”的对称匹配特性。\n\n1. **初始化栈**：我们可以遍历给定的字符串 `s`。\n2. **遇到左括号**：如果遇到 `(`、`{`、`[`，我们将它们直接压入栈中。\n3. **遇到右括号**：如果遇到 `)`、`}`、`]`，我们需要判断此时栈是否为空：\n   - 如果栈为空，说明没有多余的左括号来匹配当前的右括号，返回 `false`。\n   - 如果栈不为空，弹出栈顶元素，判断栈顶的左括号是否和当前的右括号类型匹配。如果不匹配，也返回 `false`。\n4. **遍历结束**：当字符串遍历完成后，如果栈为空，说明所有括号都已经正确匹配并闭合，返回 `true`；如果栈中还有未匹配的左括号，说明闭合不完整，返回 `false`。', 'import java.util.*;\nimport java.io.*;\n\npublic class Solution {\n\n    /**\n     * 核心算法逻辑写在这里\n     */\n    public boolean solve(String s) {\n        Stack<Character> stack = new Stack<>();\n        for (char c : s.toCharArray()) {\n            // 遇到左括号入栈\n            if (c == \'(\' || c == \'{\' || c == \'[\') {\n                stack.push(c);\n            } \n            // 遇到右括号进行匹配\n            else {\n                if (stack.isEmpty()) {\n                    return false;\n                }\n                char top = stack.pop();\n                if ((c == \')\' && top != \'(\') ||\n                    (c == \'}\' && top != \'{\') ||\n                    (c == \']\' && top != \'[\')) {\n                    return false;\n                }\n            }\n        }\n        // 最终检查栈是否为空\n        return stack.isEmpty();\n    }\n\n    /**\n     * CodeNexus ACM 模式程序入口\n     * 请在此处解析标准输入 (Standard Input) 并打印标准输出 (Standard Output)\n     */\n    public static void main(String[] args) {\n        Scanner scanner = new Scanner(System.in);\n        \n        if (scanner.hasNextLine()) {\n            // 1. 读取并解析输入数据\n            String s = scanner.nextLine().trim();\n            \n            // 处理输入可能包含的双引号，注意此处已在 SQL 中将 Java 的 \\\" 转义为 \\\\\\\"\n            if (s.startsWith(\"\\\"\") && s.endsWith(\"\\\"\")) {\n                s = s.substring(1, s.length() - 1);\n            }\n            \n            // 2. 实例化并调用核心算法\n            Solution sol = new Solution();\n            boolean result = sol.solve(s);\n            \n            // 3. 按照题目要求的格式打印输出\n            System.out.println(result);\n        }\n        \n        scanner.close();\n    }\n}', 1207, '2026-04-03 04:16:16', '2026-05-08 12:19:08', 0, 0);
INSERT INTO `problem_solution` VALUES (26, 1, 2, '测试', 'import java.util.*;\nimport java.io.*;\n\npublic class Solution {\n\n    /**\n     * 核心算法逻辑写在这里\n     */\n    public int[] solve(int[] nums, int target) {\n        Map<Integer, Integer> map = new HashMap<>();\n        for (int i = 0; i < nums.length; i++) {\n            int complement = target - nums[i];\n            if (map.containsKey(complement)) {\n                return new int[] { map.get(complement), i };\n            }\n            map.put(nums[i], i);\n        }\n        return new int[0];\n    }\n\n    /**\n     * CodeNexus ACM 模式程序入口\n     * 请在此处解析标准输入 (Standard Input) 并打印标准输出 (Standard Output)\n     */\n    public static void main(String[] args) {\n        Scanner scanner = new Scanner(System.in);\n        \n        // 假设输入格式示例：\n        // [2,7,11,15]\n        // 9\n        if (scanner.hasNextLine()) {\n            // 1. 读取并解析输入数据\n            String line = scanner.nextLine().trim();\n            // 去除前后方括号\n            line = line.replace(\"[\", \"\").replace(\"]\", \"\");\n            String[] parts = line.split(\",\");\n            int[] nums = new int[parts.length];\n            for (int i = 0; i < parts.length; i++) {\n                nums[i] = Integer.parseInt(parts[i].trim());\n            }\n            \n            int target = Integer.parseInt(scanner.nextLine().trim());\n            \n            // 2. 实例化并调用核心算法\n            Solution sol = new Solution();\n            int[] result = sol.solve(nums, target);\n            \n            // 3. 按照题目要求的格式打印输出\n            if (result.length == 2) {\n                System.out.println(\"[\" + result[0] + \",\" + result[1] + \"]\");\n            } else {\n                System.out.println(\"[]\");\n            }\n        }\n        scanner.close();\n    }\n}', NULL, 2, '2026-04-04 01:36:42', '2026-04-04 03:03:27', 1, 0);
INSERT INTO `problem_solution` VALUES (27, 1, 2, '1', '1', '1', 0, '2026-05-08 01:32:27', '2026-05-08 01:32:43', 1, 0);
INSERT INTO `problem_solution` VALUES (28, 1, 0, '12', '1212', '12', 2, '2026-05-08 01:35:36', '2026-05-08 11:10:21', 0, 1);

-- ----------------------------
-- Table structure for problem_submission
-- ----------------------------
DROP TABLE IF EXISTS `problem_submission`;
CREATE TABLE `problem_submission`  (
  `id` bigint NOT NULL AUTO_INCREMENT COMMENT '主键',
  `user_id` bigint NOT NULL COMMENT '提交用户ID',
  `problem_id` bigint NOT NULL COMMENT '关联题目ID',
  `language` varchar(32) CHARACTER SET utf8mb4 COLLATE utf8mb4_unicode_ci NOT NULL COMMENT '编程语言(如 java, cpp, typescript)',
  `code` text CHARACTER SET utf8mb4 COLLATE utf8mb4_unicode_ci NOT NULL COMMENT '提交的完整代码',
  `status` tinyint NOT NULL COMMENT '评测状态: 0-PENDING, 1-AC, 2-WA, 3-TLE, 4-MLE, 5-RE, 6-CE',
  `time_cost` int NULL DEFAULT NULL COMMENT '运行耗时(单位: ms)',
  `memory_cost` decimal(8, 2) NULL DEFAULT NULL COMMENT '内存消耗(单位: MB)',
  `create_time` datetime NOT NULL DEFAULT CURRENT_TIMESTAMP COMMENT '创建时间(即提交时间)',
  `update_time` datetime NOT NULL DEFAULT CURRENT_TIMESTAMP ON UPDATE CURRENT_TIMESTAMP COMMENT '更新时间',
  `is_deleted` tinyint NOT NULL DEFAULT 0 COMMENT '逻辑删除(0-未删除, 1-已删除)',
  PRIMARY KEY (`id`) USING BTREE,
  INDEX `idx_user_problem`(`user_id` ASC, `problem_id` ASC) USING BTREE,
  INDEX `idx_problem_id`(`problem_id` ASC) USING BTREE
) ENGINE = InnoDB AUTO_INCREMENT = 153 CHARACTER SET = utf8mb4 COLLATE = utf8mb4_unicode_ci COMMENT = '用户题目提交记录表' ROW_FORMAT = DYNAMIC;

-- ----------------------------
-- Records of problem_submission
-- ----------------------------
INSERT INTO `problem_submission` VALUES (3, 3, 1, 'java', '// 在这里开始你的编码...\n', 0, NULL, NULL, '2026-03-29 05:45:37', '2026-03-29 05:45:37', 0);
INSERT INTO `problem_submission` VALUES (4, 3, 1, 'java', 'import java.util.HashMap;\nimport java.util.Map;\n\nclass Solution {\n    public int[] twoSum(int[] nums, int target) {\n        // 创建一个哈希表，Key 存储数值，Value 存储对应的数组下标\n        Map<Integer, Integer> map = new HashMap<>();\n        \n        for (int i = 0; i < nums.length; i++) {\n            // 计算当前数字需要的“补数”\n            int complement = target - nums[i];\n            \n            // 如果哈希表中已经存在这个补数，说明找到了答案\n            if (map.containsKey(complement)) {\n                return new int[] { map.get(complement), i };\n            }\n            \n            // 如果没找到，将当前数字和下标存入表，供后续数字匹配\n            map.put(nums[i], i);\n        }\n        \n        // 题目假设一定有答案，如果执行到这里说明输入有问题\n        throw new IllegalArgumentException(\"No two sum solution\");\n    }\n}', 0, NULL, NULL, '2026-03-29 05:47:48', '2026-03-29 05:47:48', 0);
INSERT INTO `problem_submission` VALUES (5, 3, 1, 'java', '// 在这里开始你的编码...\n', 0, NULL, NULL, '2026-03-29 05:50:32', '2026-03-29 05:50:32', 0);
INSERT INTO `problem_submission` VALUES (6, 3, 1, 'java', '// 在这里开始你的编码...\n', 5, 1405, 0.00, '2026-03-29 06:04:00', '2026-03-29 06:04:00', 0);
INSERT INTO `problem_submission` VALUES (7, 3, 1, 'java', '// 在这里开始你的编码...\nimport java.util.HashMap;\nimport java.util.Map;\n\nclass Solution {\n    public int[] twoSum(int[] nums, int target) {\n        // 创建一个哈希表，Key 存储数值，Value 存储对应的数组下标\n        Map<Integer, Integer> map = new HashMap<>();\n        \n        for (int i = 0; i < nums.length; i++) {\n            // 计算当前数字需要的“补数”\n            int complement = target - nums[i];\n            \n            // 如果哈希表中已经存在这个补数，说明找到了答案\n            if (map.containsKey(complement)) {\n                return new int[] { map.get(complement), i };\n            }\n            \n            // 如果没找到，将当前数字和下标存入表，供后续数字匹配\n            map.put(nums[i], i);\n        }\n        \n        // 题目假设一定有答案，如果执行到这里说明输入有问题\n        throw new IllegalArgumentException(\"No two sum solution\");\n    }\n}', 5, 1033, 0.00, '2026-03-29 06:04:22', '2026-03-29 06:04:22', 0);
INSERT INTO `problem_submission` VALUES (8, 3, 1, 'java', 'import java.util.HashMap;\nimport java.util.Map;\nimport java.util.Scanner;\nimport java.util.Arrays;\n\npublic class Solution {\n    \n    // 必须要有的主函数，用于接收沙箱喂进来的标准输入\n    public static void main(String[] args) {\n        Scanner scanner = new Scanner(System.in);\n        if (!scanner.hasNextLine()) return;\n        \n        // 1. 读取第一行：数组元素 (例如 \"2 7 11 15\")\n        String[] numsStr = scanner.nextLine().trim().split(\" \");\n        int[] nums = new int[numsStr.length];\n        for (int i = 0; i < numsStr.length; i++) {\n            nums[i] = Integer.parseInt(numsStr[i]);\n        }\n        \n        // 2. 读取第二行：目标值 (例如 9)\n        int target = scanner.nextInt();\n        \n        // 3. 调用你完美的核心算法\n        Solution sol = new Solution();\n        int[] result = sol.twoSum(nums, target);\n        \n        // 4. 将结果转为字符串打印到控制台，供沙箱抓取并与 Expected Output 对比\n        // Arrays.toString(result) 会打印出 \"[0, 1]\"，恰好与我们数据库里的格式完美匹配！\n        System.out.println(Arrays.toString(result));\n    }\n\n    // 你原来的核心算法代码，一字未改\n    public int[] twoSum(int[] nums, int target) {\n        Map<Integer, Integer> map = new HashMap<>();\n        for (int i = 0; i < nums.length; i++) {\n            int complement = target - nums[i];\n            if (map.containsKey(complement)) {\n                return new int[] { map.get(complement), i };\n            }\n            map.put(nums[i], i);\n        }\n        throw new IllegalArgumentException(\"No two sum solution\");\n    }\n}', 5, 1048, 0.00, '2026-03-29 06:08:15', '2026-03-29 06:08:15', 0);
INSERT INTO `problem_submission` VALUES (9, 3, 1, 'java', 'import java.util.HashMap;\nimport java.util.Map;\nimport java.util.Scanner;\nimport java.util.Arrays;\n\npublic class Solution {\n    \n    // 必须要有的主函数，用于接收沙箱喂进来的标准输入\n    public static void main(String[] args) {\n        Scanner scanner = new Scanner(System.in);\n        if (!scanner.hasNextLine()) return;\n        \n        // 1. 读取第一行：数组元素 (例如 \"2 7 11 15\")\n        String[] numsStr = scanner.nextLine().trim().split(\" \");\n        int[] nums = new int[numsStr.length];\n        for (int i = 0; i < numsStr.length; i++) {\n            nums[i] = Integer.parseInt(numsStr[i]);\n        }\n        \n        // 2. 读取第二行：目标值 (例如 9)\n        int target = scanner.nextInt();\n        \n        // 3. 调用你完美的核心算法\n        Solution sol = new Solution();\n        int[] result = sol.twoSum(nums, target);\n        \n        // 4. 将结果转为字符串打印到控制台，供沙箱抓取并与 Expected Output 对比\n        // Arrays.toString(result) 会打印出 \"[0, 1]\"，恰好与我们数据库里的格式完美匹配！\n        System.out.println(Arrays.toString(result));\n    }\n\n    // 你原来的核心算法代码，一字未改\n    public int[] twoSum(int[] nums, int target) {\n        Map<Integer, Integer> map = new HashMap<>();\n        for (int i = 0; i < nums.length; i++) {\n            int complement = target - nums[i];\n            if (map.containsKey(complement)) {\n                return new int[] { map.get(complement), i };\n            }\n            map.put(nums[i], i);\n        }\n        throw new IllegalArgumentException(\"No two sum solution\");\n    }\n}', 5, 1158, 0.00, '2026-03-29 06:08:37', '2026-03-29 06:08:37', 0);
INSERT INTO `problem_submission` VALUES (10, 3, 1, 'java', 'import java.util.HashMap;\nimport java.util.Map;\nimport java.util.Scanner;\nimport java.util.Arrays;\n\npublic class Solution {\n    \n    // 必须要有的主函数，用于接收沙箱喂进来的标准输入\n    public static void main(String[] args) {\n        Scanner scanner = new Scanner(System.in);\n        if (!scanner.hasNextLine()) return;\n        \n        // 1. 读取第一行：数组元素 (例如 \"2 7 11 15\")\n        String[] numsStr = scanner.nextLine().trim().split(\" \");\n        int[] nums = new int[numsStr.length];\n        for (int i = 0; i < numsStr.length; i++) {\n            nums[i] = Integer.parseInt(numsStr[i]);\n        }\n        \n        // 2. 读取第二行：目标值 (例如 9)\n        int target = scanner.nextInt();\n        \n        // 3. 调用你完美的核心算法\n        Solution sol = new Solution();\n        int[] result = sol.twoSum(nums, target);\n        \n        // 4. 将结果转为字符串打印到控制台，供沙箱抓取并与 Expected Output 对比\n        // Arrays.toString(result) 会打印出 \"[0, 1]\"，恰好与我们数据库里的格式完美匹配！\n        System.out.println(Arrays.toString(result));\n    }\n\n    // 你原来的核心算法代码，一字未改\n    public int[] twoSum(int[] nums, int target) {\n        Map<Integer, Integer> map = new HashMap<>();\n        for (int i = 0; i < nums.length; i++) {\n            int complement = target - nums[i];\n            if (map.containsKey(complement)) {\n                return new int[] { map.get(complement), i };\n            }\n            map.put(nums[i], i);\n        }\n        throw new IllegalArgumentException(\"No two sum solution\");\n    }\n}', 5, 1351, 0.00, '2026-03-29 06:13:01', '2026-03-29 06:13:01', 0);
INSERT INTO `problem_submission` VALUES (11, 3, 1, 'java', 'import java.util.HashMap;\nimport java.util.Map;\nimport java.util.Scanner;\nimport java.util.Arrays;\n\npublic class Solution {\n    \n    // 必须要有的主函数，用于接收沙箱喂进来的标准输入\n    public static void main(String[] args) {\n        Scanner scanner = new Scanner(System.in);\n        if (!scanner.hasNextLine()) return;\n        \n        // 1. 读取第一行：数组元素 (例如 \"2 7 11 15\")\n        String[] numsStr = scanner.nextLine().trim().split(\" \");\n        int[] nums = new int[numsStr.length];\n        for (int i = 0; i < numsStr.length; i++) {\n            nums[i] = Integer.parseInt(numsStr[i]);\n        }\n        \n        // 2. 读取第二行：目标值 (例如 9)\n        int target = scanner.nextInt();\n        \n        // 3. 调用你完美的核心算法\n        Solution sol = new Solution();\n        int[] result = sol.twoSum(nums, target);\n        \n        // 4. 将结果转为字符串打印到控制台，供沙箱抓取并与 Expected Output 对比\n        // Arrays.toString(result) 会打印出 \"[0, 1]\"，恰好与我们数据库里的格式完美匹配！\n        System.out.println(Arrays.toString(result));\n    }\n\n    // 你原来的核心算法代码，一字未改\n    public int[] twoSum(int[] nums, int target) {\n        Map<Integer, Integer> map = new HashMap<>();\n        for (int i = 0; i < nums.length; i++) {\n            int complement = target - nums[i];\n            if (map.containsKey(complement)) {\n                return new int[] { map.get(complement), i };\n            }\n            map.put(nums[i], i);\n        }\n        throw new IllegalArgumentException(\"No two sum solution\");\n    }\n}', 5, 1183, 0.00, '2026-03-29 06:17:46', '2026-03-29 06:17:46', 0);
INSERT INTO `problem_submission` VALUES (12, 3, 1, 'java', '// 在这里开始你的编码...\nimport java.util.HashMap;\nimport java.util.Map;\nimport java.util.Scanner;\nimport java.util.Arrays;\n\npublic class Solution {\n    \n    // 必须要有的主函数，用于接收沙箱喂进来的标准输入\n    public static void main(String[] args) {\n        Scanner scanner = new Scanner(System.in);\n        if (!scanner.hasNextLine()) return;\n        \n        // 1. 读取第一行：数组元素 (例如 \"2 7 11 15\")\n        String[] numsStr = scanner.nextLine().trim().split(\" \");\n        int[] nums = new int[numsStr.length];\n        for (int i = 0; i < numsStr.length; i++) {\n            nums[i] = Integer.parseInt(numsStr[i]);\n        }\n        \n        // 2. 读取第二行：目标值 (例如 9)\n        int target = scanner.nextInt();\n        \n        // 3. 调用你完美的核心算法\n        Solution sol = new Solution();\n        int[] result = sol.twoSum(nums, target);\n        \n        // 4. 将结果转为字符串打印到控制台，供沙箱抓取并与 Expected Output 对比\n        // Arrays.toString(result) 会打印出 \"[0, 1]\"，恰好与我们数据库里的格式完美匹配！\n        System.out.println(Arrays.toString(result));\n    }\n\n    // 你原来的核心算法代码，一字未改\n    public int[] twoSum(int[] nums, int target) {\n        Map<Integer, Integer> map = new HashMap<>();\n        for (int i = 0; i < nums.length; i++) {\n            int complement = target - nums[i];\n            if (map.containsKey(complement)) {\n                return new int[] { map.get(complement), i };\n            }\n            map.put(nums[i], i);\n        }\n        throw new IllegalArgumentException(\"No two sum solution\");\n    }\n}', 5, 1100, 0.00, '2026-03-29 06:18:00', '2026-03-29 06:18:00', 0);
INSERT INTO `problem_submission` VALUES (13, 3, 1, 'java', 'import java.util.HashMap;\nimport java.util.Map;\nimport java.util.Scanner;\nimport java.util.Arrays;\n\npublic class Solution {\n    \n    public static void main(String[] args) {\n        Scanner scanner = new Scanner(System.in);\n        if (!scanner.hasNextLine()) return;\n        \n        // 1. 读取第一行，比如 \"[2,7,11,15]\" 或 \"[2, 7, 11, 15]\"\n        String line = scanner.nextLine().trim();\n        \n        // 去除开头的 \"[\" 和结尾的 \"]\"\n        line = line.replace(\"[\", \"\").replace(\"]\", \"\");\n        \n        // 按逗号分割字符串\n        String[] numsStr = line.split(\",\");\n        int[] nums = new int[numsStr.length];\n        for (int i = 0; i < numsStr.length; i++) {\n            // trim() 去除数字两边可能存在的空格，然后强转\n            nums[i] = Integer.parseInt(numsStr[i].trim());\n        }\n        \n        // 2. 读取第二行目标值\n        int target = scanner.nextInt();\n        \n        // 3. 调用核心算法\n        Solution sol = new Solution();\n        int[] result = sol.twoSum(nums, target);\n        \n        // 4. 打印结果\n        // Arrays.toString 会输出 \"[0, 1]\"。如果数据库 Expected Output 没有空格(比如 \"[0,1]\")，\n        // 可以加上 .replace(\" \", \"\") 确保严丝合缝匹配。\n        System.out.println(Arrays.toString(result));\n    }\n\n    // 你完美的核心算法代码，一字未改\n    public int[] twoSum(int[] nums, int target) {\n        Map<Integer, Integer> map = new HashMap<>();\n        for (int i = 0; i < nums.length; i++) {\n            int complement = target - nums[i];\n            if (map.containsKey(complement)) {\n                return new int[] { map.get(complement), i };\n            }\n            map.put(nums[i], i);\n        }\n        throw new IllegalArgumentException(\"No two sum solution\");\n    }\n}', 2, 1239, 0.00, '2026-03-29 06:19:24', '2026-03-29 06:19:24', 0);
INSERT INTO `problem_submission` VALUES (14, 3, 1, 'java', 'import java.util.HashMap;\nimport java.util.Map;\nimport java.util.Scanner;\nimport java.util.Arrays;\n\npublic class Solution {\n    \n    public static void main(String[] args) {\n        Scanner scanner = new Scanner(System.in);\n        if (!scanner.hasNextLine()) return;\n        \n        // 1. 读取第一行，比如 \"[2,7,11,15]\" 或 \"[2, 7, 11, 15]\"\n        String line = scanner.nextLine().trim();\n        \n        // 去除开头的 \"[\" 和结尾的 \"]\"\n        line = line.replace(\"[\", \"\").replace(\"]\", \"\");\n        \n        // 按逗号分割字符串\n        String[] numsStr = line.split(\",\");\n        int[] nums = new int[numsStr.length];\n        for (int i = 0; i < numsStr.length; i++) {\n            // trim() 去除数字两边可能存在的空格，然后强转\n            nums[i] = Integer.parseInt(numsStr[i].trim());\n        }\n        \n        // 2. 读取第二行目标值\n        int target = scanner.nextInt();\n        \n        // 3. 调用核心算法\n        Solution sol = new Solution();\n        int[] result = sol.twoSum(nums, target);\n        \n        // 4. 将结果转为字符串打印到控制台\n        // 去除 Arrays.toString 默认产生的空格，确保输出严格为 \"[0,1]\" 格式\n        System.out.println(Arrays.toString(result).replace(\" \", \"\"));\n    }\n\n    // 你完美的核心算法代码，一字未改\n    public int[] twoSum(int[] nums, int target) {\n        Map<Integer, Integer> map = new HashMap<>();\n        for (int i = 0; i < nums.length; i++) {\n            int complement = target - nums[i];\n            if (map.containsKey(complement)) {\n                return new int[] { map.get(complement), i };\n            }\n            map.put(nums[i], i);\n        }\n        throw new IllegalArgumentException(\"No two sum solution\");\n    }\n}', 1, 3132, 0.00, '2026-03-29 06:21:06', '2026-03-29 06:21:06', 0);
INSERT INTO `problem_submission` VALUES (15, 3, 1, 'java', '// 在这里开始你的编码...\n', 5, 1038, 0.00, '2026-03-29 06:24:09', '2026-03-29 06:24:09', 0);
INSERT INTO `problem_submission` VALUES (16, 3, 1, 'java', '// 在这里开始你的编码...\nimport java.util.HashMap;\nimport java.util.Map;\nimport java.util.Scanner;\nimport java.util.Arrays;\n\npublic class Solution {\n    \n    public static void main(String[] args) {\n        Scanner scanner = new Scanner(System.in);\n        if (!scanner.hasNextLine()) return;\n        \n        // 1. 读取第一行，比如 \"[2,7,11,15]\" 或 \"[2, 7, 11, 15]\"\n        String line = scanner.nextLine().trim();\n        \n        // 去除开头的 \"[\" 和结尾的 \"]\"\n        line = line.replace(\"[\", \"\").replace(\"]\", \"\");\n        \n        // 按逗号分割字符串\n        String[] numsStr = line.split(\",\");\n        int[] nums = new int[numsStr.length];\n        for (int i = 0; i < numsStr.length; i++) {\n            // trim() 去除数字两边可能存在的空格，然后强转\n            nums[i] = Integer.parseInt(numsStr[i].trim());\n        }\n        \n        // 2. 读取第二行目标值\n        int target = scanner.nextInt();\n        \n        // 3. 调用核心算法\n        Solution sol = new Solution();\n        int[] result = sol.twoSum(nums, target);\n        \n        // 4. 将结果转为字符串打印到控制台\n        // 去除 Arrays.toString 默认产生的空格，确保输出严格为 \"[0,1]\" 格式\n        System.out.println(Arrays.toString(result).replace(\" \", \"\"));\n    }\n\n    // 你完美的核心算法代码，一字未改\n    public int[] twoSum(int[] nums, int target) {\n        Map<Integer, Integer> map = new HashMap<>();\n        for (int i = 0; i < nums.length; i++) {\n            int complement = target - nums[i];\n            if (map.containsKey(complement)) {\n                return new int[] { map.get(complement), i };\n            }\n            map.put(nums[i], i);\n        }\n        throw new IllegalArgumentException(\"No two sum solution\");\n    }\n}', 1, 3884, 0.00, '2026-03-29 06:32:02', '2026-03-29 06:32:02', 0);
INSERT INTO `problem_submission` VALUES (17, 3, 2, 'java', '// 在这里开始你的编码...\nimport java.util.Scanner;\n\npublic class Solution {\n\n    // 1. ACM 模式必带的程序入口\n    public static void main(String[] args) {\n        Scanner scanner = new Scanner(System.in);\n        // 如果有输入数据\n        if (scanner.hasNextInt()) {\n            // 读取输入的整数 n\n            int n = scanner.nextInt();\n            \n            // 调用核心算法并直接打印结果\n            Solution sol = new Solution();\n            System.out.println(sol.climbStairs(n));\n        }\n        scanner.close();\n    }\n\n    // 2. 核心算法逻辑 (空间复杂度优化到 O(1) 的动态规划)\n    public int climbStairs(int n) {\n        if (n <= 2) {\n            return n;\n        }\n        // p 代表 f(x-2), q 代表 f(x-1), r 代表 f(x)\n        int p = 1, q = 2, r = 0;\n        for (int i = 3; i <= n; i++) {\n            r = p + q;\n            p = q;\n            q = r;\n        }\n        return r;\n    }\n}', 1, 4202, 0.00, '2026-03-29 06:41:44', '2026-03-29 06:41:44', 0);
INSERT INTO `problem_submission` VALUES (18, 2, 1, 'java', 'import java.util.HashMap;\nimport java.util.Map;\nimport java.util.Scanner;\nimport java.util.Arrays;\n\npublic class Solution {\n    \n    public static void main(String[] args) {\n        Scanner scanner = new Scanner(System.in);\n        if (!scanner.hasNextLine()) return;\n        \n        // 1. 读取第一行，比如 \"[2,7,11,15]\" 或 \"[2, 7, 11, 15]\"\n        String line = scanner.nextLine().trim();\n        \n        // 去除开头的 \"[\" 和结尾的 \"]\"\n        line = line.replace(\"[\", \"\").replace(\"]\", \"\");\n        \n        // 按逗号分割字符串\n        String[] numsStr = line.split(\",\");\n        int[] nums = new int[numsStr.length];\n        for (int i = 0; i < numsStr.length; i++) {\n            // trim() 去除数字两边可能存在的空格，然后强转\n            nums[i] = Integer.parseInt(numsStr[i].trim());\n        }\n        \n        // 2. 读取第二行目标值\n        int target = scanner.nextInt();\n        \n        // 3. 调用核心算法\n        Solution sol = new Solution();\n        int[] result = sol.twoSum(nums, target);\n        \n        // 4. 将结果转为字符串打印到控制台\n        // 去除 Arrays.toString 默认产生的空格，确保输出严格为 \"[0,1]\" 格式\n        System.out.println(Arrays.toString(result).replace(\" \", \"\"));\n    }\n\n    // 你完美的核心算法代码，一字未改\n    public int[] twoSum(int[] nums, int target) {\n        Map<Integer, Integer> map = new HashMap<>();\n        for (int i = 0; i < nums.length; i++) {\n            int complement = target - nums[i];\n            if (map.containsKey(complement)) {\n                return new int[] { map.get(complement), i };\n            }\n            map.put(nums[i], i);\n        }\n        throw new IllegalArgumentException(\"No two sum solution\");\n    }\n}', 1, 3110, 0.00, '2026-03-30 06:45:43', '2026-03-30 06:45:43', 0);
INSERT INTO `problem_submission` VALUES (19, 2, 1, 'java', 'import java.util.*;\nimport java.io.*;\n\npublic class Solution {\n\n    /**\n     * 核心算法逻辑写在这里\n     */\n    public void solve() {\n        // TODO: 在这里编写你的算法逻辑\n        \n    }\n\n    /**\n     * CodeNexus ACM 模式程序入口\n     * 请在此处解析标准输入 (Standard Input) 并打印标准输出 (Standard Output)\n     */\n    public static void main(String[] args) {\n        Scanner scanner = new Scanner(System.in);\n        \n        // 示例：如果题目需要读取多行或特定格式的输入\n        /*\n        if (scanner.hasNextLine()) {\n            // 1. 读取并解析输入数据\n            String line = scanner.nextLine();\n            \n            // 2. 实例化并调用核心算法\n            Solution sol = new Solution();\n            // Object result = sol.solve(...);\n            \n            // 3. 按照题目要求的格式打印输出\n            // System.out.println(result);\n        }\n        */\n    }\n}', 2, 991, 0.00, '2026-03-30 06:53:18', '2026-03-30 06:53:18', 0);
INSERT INTO `problem_submission` VALUES (20, 2, 1, 'java', 'import java.util.HashMap;\nimport java.util.Map;\nimport java.util.Scanner;\nimport java.util.Arrays;\n\npublic class Solution {\n    \n    public static void main(String[] args) {\n        Scanner scanner = new Scanner(System.in);\n        if (!scanner.hasNextLine()) return;\n        \n        // 1. 读取第一行，比如 \"[2,7,11,15]\" 或 \"[2, 7, 11, 15]\"\n        String line = scanner.nextLine().trim();\n        \n        // 去除开头的 \"[\" 和结尾的 \"]\"\n        line = line.replace(\"[\", \"\").replace(\"]\", \"\");\n        \n        // 按逗号分割字符串\n        String[] numsStr = line.split(\",\");\n        int[] nums = new int[numsStr.length];\n        for (int i = 0; i < numsStr.length; i++) {\n            // trim() 去除数字两边可能存在的空格，然后强转\n            nums[i] = Integer.parseInt(numsStr[i].trim());\n        }\n        \n        // 2. 读取第二行目标值\n        int target = scanner.nextInt();\n        \n        // 3. 调用核心算法\n        Solution sol = new Solution();\n        int[] result = sol.twoSum(nums, target);\n        \n        // 4. 将结果转为字符串打印到控制台\n        // 去除 Arrays.toString 默认产生的空格，确保输出严格为 \"[0,1]\" 格式\n        System.out.println(Arrays.toString(result).replace(\" \", \"\"));\n    }\n\n    // 你完美的核心算法代码，一字未改\n    public int[] twoSum(int[] nums, int target) {\n        Map<Integer, Integer> map = new HashMap<>();\n        for (int i = 0; i < nums.length; i++) {\n            int complement = target - nums[i];\n            if (map.containsKey(complement)) {\n                return new int[] { map.get(complement), i };\n            }\n            map.put(nums[i], i);\n        }\n        throw new IllegalArgumentException(\"No two sum solution\");\n    }\n}', 1, 3103, 0.00, '2026-03-30 06:53:49', '2026-03-30 06:53:49', 0);
INSERT INTO `problem_submission` VALUES (21, 2, 1, 'java', 'import java.util.HashMap;\nimport java.util.Map;\nimport java.util.Scanner;\nimport java.util.Arrays;\n\npublic class Solution {\n    \n    public static void main(String[] args) {\n        Scanner scanner = new Scanner(System.in);\n        if (!scanner.hasNextLine()) return;\n        \n        // 1. 读取第一行，比如 \"[2,7,11,15]\" 或 \"[2, 7, 11, 15]\"\n        String line = scanner.nextLine().trim();\n        \n        // 去除开头的 \"[\" 和结尾的 \"]\"\n        line = line.replace(\"[\", \"\").replace(\"]\", \"\");\n        \n        // 按逗号分割字符串\n        String[] numsStr = line.split(\",\");\n        int[] nums = new int[numsStr.length];\n        for (int i = 0; i < numsStr.length; i++) {\n            // trim() 去除数字两边可能存在的空格，然后强转\n            nums[i] = Integer.parseInt(numsStr[i].trim());\n        }\n        \n        // 2. 读取第二行目标值\n        int target = scanner.nextInt();\n        \n        // 3. 调用核心算法\n        Solution sol = new Solution();\n        int[] result = sol.twoSum(nums, target);\n        \n        // 4. 将结果转为字符串打印到控制台\n        // 去除 Arrays.toString 默认产生的空格，确保输出严格为 \"[0,1]\" 格式\n        System.out.println(Arrays.toString(result).replace(\" \", \"\"));\n    }\n\n    // 你完美的核心算法代码，一字未改\n    public int[] twoSum(int[] nums, int target) {\n        Map<Integer, Integer> map = new HashMap<>();\n        for (int i = 0; i < nums.length; i++) {\n            int complement = target - nums[i];\n            if (map.containsKey(complement)) {\n                return new int[] { map.get(complement), i };\n            }\n            map.put(nums[i], i);\n        }\n        throw new IllegalArgumentException(\"No two sum solution\");\n    }\n}', 1, 3120, 0.00, '2026-03-30 07:02:27', '2026-03-30 07:02:27', 0);
INSERT INTO `problem_submission` VALUES (22, 3, 1001, 'java', 'import java.util.HashMap;\nimport java.util.Map;\nimport java.util.Scanner;\nimport java.util.Arrays;\n\npublic class Solution {\n    \n    public static void main(String[] args) {\n        Scanner scanner = new Scanner(System.in);\n        if (!scanner.hasNextLine()) return;\n        \n        // 1. 读取第一行，比如 \"[2,7,11,15]\" 或 \"[2, 7, 11, 15]\"\n        String line = scanner.nextLine().trim();\n        \n        // 去除开头的 \"[\" 和结尾的 \"]\"\n        line = line.replace(\"[\", \"\").replace(\"]\", \"\");\n        \n        // 按逗号分割字符串\n        String[] numsStr = line.split(\",\");\n        int[] nums = new int[numsStr.length];\n        for (int i = 0; i < numsStr.length; i++) {\n            // trim() 去除数字两边可能存在的空格，然后强转\n            nums[i] = Integer.parseInt(numsStr[i].trim());\n        }\n        \n        // 2. 读取第二行目标值\n        int target = scanner.nextInt();\n        \n        // 3. 调用核心算法\n        Solution sol = new Solution();\n        int[] result = sol.twoSum(nums, target);\n        \n        // 4. 将结果转为字符串打印到控制台\n        // 去除 Arrays.toString 默认产生的空格，确保输出严格为 \"[0,1]\" 格式\n        System.out.println(Arrays.toString(result).replace(\" \", \"\"));\n    }\n\n    // 你完美的核心算法代码，一字未改\n    public int[] twoSum(int[] nums, int target) {\n        Map<Integer, Integer> map = new HashMap<>();\n        for (int i = 0; i < nums.length; i++) {\n            int complement = target - nums[i];\n            if (map.containsKey(complement)) {\n                return new int[] { map.get(complement), i };\n            }\n            map.put(nums[i], i);\n        }\n        throw new IllegalArgumentException(\"No two sum solution\");\n    }\n}', 1, 0, 0.00, '2026-03-30 07:34:28', '2026-03-30 07:34:28', 0);
INSERT INTO `problem_submission` VALUES (23, 3, 1001, 'java', 'import java.util.*;\nimport java.io.*;\n\npublic class Solution {\n    public void solve() {\n        // TODO: 在这里编写你的算法逻辑\n    }\n\n    public static void main(String[] args) {\n        // 解析标准输入并调用 solve()\n    }\n}', 1, 0, 0.00, '2026-03-31 04:05:56', '2026-03-31 04:05:56', 0);
INSERT INTO `problem_submission` VALUES (24, 2, 1001, 'java', 'import java.util.*;\nimport java.io.*;\n\npublic class Solution {\n    public void solve() {\n        // TODO: 在这里编写你的算法逻辑\n    }\n\n    public static void main(String[] args) {\n        // 解析标准输入并调用 solve()\n    }\n}', 1, 0, 0.00, '2026-03-31 04:09:14', '2026-03-31 04:09:14', 0);
INSERT INTO `problem_submission` VALUES (25, 3, 1, 'java', 'import java.util.*;\nimport java.io.*;\n\npublic class Solution {\n\n    /**\n     * 核心算法逻辑写在这里\n     */\n    public void solve() {\n        // TODO: 在这里编写你的算法逻辑\n        \n    }\n\n    /**\n     * CodeNexus ACM 模式程序入口\n     * 请在此处解析标准输入 (Standard Input) 并打印标准输出 (Standard Output)\n     */\n    public static void main(String[] args) {\n        Scanner scanner = new Scanner(System.in);东方国度\n        \n        // 示例：如果题目需要读取多行或特定格式的输入\n        /*\n        if (scanner.hasNextLine()) {\n            // 1. 读取并解析输入数据\n            String line = scanner.nextLine();\n            \n            // 2. 实例化并调用核心算法\n            Solution sol = new Solution();是的发顺丰\n            // Object result = sol.solve(...);\n            \n            // 3. 按照题目要求的格式打印输出\n            // System.out.println(result);\n        }\n        */\n    }\n}\n', 5, 788, 0.00, '2026-03-31 05:35:30', '2026-03-31 05:35:30', 0);
INSERT INTO `problem_submission` VALUES (26, 3, 1, 'java', 'import java.util.*;\nimport java.io.*;\n\npublic class Solution {\n\n    /**\n     * 核心算法逻辑写在这里\n     */\n    public void solve() {\n        // TODO: 在这里编写你的算法逻辑\n        \n    }\n\n    /**\n     * CodeNexus ACM 模式程序入口\n     * 请在此处解析标准输入 (Standard Input) 并打印标准输出 (Standard Output)\n     */\n    public static void main(String[] args) {\n        Scanner scanner = new Scanner(System.in);\n        \n        // 示例：如果题目需要读取多行或特定格式的输入\n        /*\n        if (scanner.hasNextLine()) {\n            // 1. 读取并解析输入数据\n            String line = scanner.nextLine();\n            \n            // 2. 实例化并调用核心算法\n            Solution sol = new Solution();是的发顺丰\n            // Object result = sol.solve(...);\n            \n            // 3. 按照题目要求的格式打印输出\n            // System.out.println(result);\n        }\n        */\n    }\n}\n', 2, 1062, 0.00, '2026-03-31 05:35:36', '2026-03-31 05:35:36', 0);
INSERT INTO `problem_submission` VALUES (27, 2, 1, 'java', 'public class Solution {\n    public void solve() {\n        \n    }\n}', 5, 1334, 0.00, '2026-03-31 06:13:56', '2026-03-31 06:13:56', 0);
INSERT INTO `problem_submission` VALUES (28, 2, 1, 'java', 'public class Solution {\n    public void solve() {\n        \n    }\n}', 5, 1357, 0.00, '2026-03-31 06:14:21', '2026-03-31 06:14:21', 0);
INSERT INTO `problem_submission` VALUES (29, 3, 1, 'java', 'public class Solution {\n    public void solve() {\n        \n    }\n}', 5, 1247, 0.00, '2026-03-31 06:14:32', '2026-03-31 06:14:32', 0);
INSERT INTO `problem_submission` VALUES (30, 3, 1, 'java', 'public class Solution {\n    public void solve() {\n        \n    }\n}', 5, 1278, 0.00, '2026-03-31 06:14:40', '2026-03-31 06:14:40', 0);
INSERT INTO `problem_submission` VALUES (31, 3, 1, 'java', 'public class Solution {\n    public void solve() {\n        \n    }\n}是的沙发上是的阿萨德是是的ass啊暗示是暗示暗示啊大是的是的发所发生的发发阿斯蒂芬啊都是发发爱仕达 ', 5, 966, 0.00, '2026-03-31 06:22:36', '2026-03-31 06:22:36', 0);
INSERT INTO `problem_submission` VALUES (32, 2, 1, 'java', 'public class Solution {\n    public void solve() {\n        \n    }\n}', 5, 1061, 0.00, '2026-03-31 06:31:35', '2026-03-31 06:31:35', 0);
INSERT INTO `problem_submission` VALUES (33, 2, 1, 'java', 'public class Solution {\n    public void solve() {\n        \n    }\n}', 5, 1054, 0.00, '2026-03-31 06:33:25', '2026-03-31 06:33:25', 0);
INSERT INTO `problem_submission` VALUES (34, 3, 1, 'java', 'public class Solution {\n    public void solve() {\n        \n    }\n}', 5, 1116, 0.00, '2026-03-31 06:33:27', '2026-03-31 06:33:27', 0);
INSERT INTO `problem_submission` VALUES (35, 3, 1, 'java', 'public class Solution {\n    public void solve() {\n        \n    }\n}', 5, 1132, 0.00, '2026-03-31 06:35:06', '2026-03-31 06:35:06', 0);
INSERT INTO `problem_submission` VALUES (36, 2, 1, 'java', 'public class Solution {\n    public void solve() {\n        是的flash放假啥地方啦收到啦发j\nsdf是打飞机\n是的就发\n\n\n\n\n    收到啦发a\n\n\n\n\n\n\n    结果结果gjgjgjg\n\n        是的flash放假啥地方啦收到啦发j\n        是的减肥al\n        睡觉啦\n    }\n}', 5, 919, 0.00, '2026-03-31 21:19:04', '2026-03-31 21:19:04', 0);
INSERT INTO `problem_submission` VALUES (37, 2, 1, 'java', 'public class Solution {\n    public void solve() {\n        是短发撒是\n        啊啥的发生了sadf阿斯蒂芬阿萨德\n        是的啊ds阿飞是的as风俗店a是a是的sd\n\n\n\n\n        撒\n        \n    }\n}', 5, 773, 0.00, '2026-03-31 22:05:24', '2026-03-31 22:05:24', 0);
INSERT INTO `problem_submission` VALUES (38, 3, 1, 'java', 'import java.util.*;\nimport java.io.*;\n\npublic class Solution {\n\n    /**\n     * 核心算法逻辑写在这里\n     */\n    public void solve() {\n        // TODO: 在这里编写你的算法逻辑\n        \n    }\n\n    /**\n     * CodeNexus ACM 模式程序入口\n     * 请在此处解析标准输入 (Standard Input) 并打印标准输出 (Standard Output)\n     */\n    public static void main(String[] args) {\n        Scanner scanner = new Scanner(System.in);\n        \n        // 示例：如果题目需要读取多行或特定格式的输入\n        /*\n        if (scanner.hasNextLine()) {\n            // 1. 读取并解析输入数据\n            String line = scanner.nextLine();\n            \n            // 2. 实例化并调用核心算法\n            Solution sol = new Solution();\n            // Object result = sol.solve(...);\n            \n            // 3. 按照题目要求的格式打印输出\n            // System.out.println(result);\n        }\n        */\n    }\n}', 2, 1055, 0.00, '2026-03-31 22:31:16', '2026-03-31 22:31:16', 0);
INSERT INTO `problem_submission` VALUES (39, 2, 1, 'java', 'public class Solution {\n    public void solve() {\n        \n    }\n}', 5, 1051, 0.00, '2026-03-31 22:33:27', '2026-03-31 22:33:27', 0);
INSERT INTO `problem_submission` VALUES (40, 3, 1, 'java', 'public class Solution {\n    public void solve() {\n        \n    }\n}', 5, 1060, 0.00, '2026-03-31 22:33:35', '2026-03-31 22:33:35', 0);
INSERT INTO `problem_submission` VALUES (41, 3, 1, 'java', 'public class Solution {\n    public void solve() {\n        \n    }\n}', 5, 999, 0.00, '2026-03-31 22:44:28', '2026-03-31 22:44:28', 0);
INSERT INTO `problem_submission` VALUES (42, 2, 1, 'java', 'import java.util.HashMap;\nimport java.util.Map;\nimport java.util.Scanner;\nimport java.util.Arrays;\n\npublic class Solution {\n    \n    public static void main(String[] args) {\n        Scanner scanner = new Scanner(System.in);\n        if (!scanner.hasNextLine()) return;\n        \n        // 1. 读取第一行，比如 \"[2,7,11,15]\" 或 \"[2, 7, 11, 15]\"\n        String line = scanner.nextLine().trim();\n        \n        // 去除开头的 \"[\" 和结尾的 \"]\"\n        line = line.replace(\"[\", \"\").replace(\"]\", \"\");\n        \n        // 按逗号分割字符串\n        String[] numsStr = line.split(\",\");\n        int[] nums = new int[numsStr.length];\n        for (int i = 0; i < numsStr.length; i++) {\n            // trim() 去除数字两边可能存在的空格，然后强转\n            nums[i] = Integer.parseInt(numsStr[i].trim());\n        }\n        \n        // 2. 读取第二行目标值\n        int target = scanner.nextInt();\n        \n        // 3. 调用核心算法\n        Solution sol = new Solution();\n        int[] result = sol.twoSum(nums, target);\n        \n        // 4. 将结果转为字符串打印到控制台\n        // 去除 Arrays.toString 默认产生的空格，确保输出严格为 \"[0,1]\" 格式\n        System.out.println(Arrays.toString(result).replace(\" \", \"\"));\n    }\n\n    // 你完美的核心算法代码，一字未改\n    public int[] twoSum(int[] nums, int target) {\n        Map<Integer, Integer> map = new HashMap<>();\n        for (int i = 0; i < nums.length; i++) {\n            int complement = target - nums[i];\n            if (map.containsKey(complement)) {\n                return new int[] { map.get(complement), i };\n            }\n            map.put(nums[i], i);\n        }\n        throw new IllegalArgumentException(\"No two sum solution\");\n    }\n}', 1, 3961, 0.00, '2026-03-31 22:52:11', '2026-03-31 22:52:11', 0);
INSERT INTO `problem_submission` VALUES (43, 2, 1, 'java', 'import java.util.HashMap;\nimport java.util.Map;\nimport java.util.Scanner;\nimport java.util.Arrays;\n\npublic class Solution {\n    \n    public static void main(String[] args) {\n        Scanner scanner = new Scanner(System.in);\n        if (!scanner.hasNextLine()) return;\n        \n        // 1. 读取第一行，比如 \"[2,7,11,15]\" 或 \"[2, 7, 11, 15]\"\n        String line = scanner.nextLine().trim();\n        \n        // 去除开头的 \"[\" 和结尾的 \"]\"\n        line = line.replace(\"[\", \"\").replace(\"]\", \"\");\n        \n        // 按逗号分割字符串\n        String[] numsStr = line.split(\",\");\n        int[] nums = new int[numsStr.length];\n        for (int i = 0; i < numsStr.length; i++) {\n            // trim() 去除数字两边可能存在的空格，然后强转\n            nums[i] = Integer.parseInt(numsStr[i].trim());\n        }\n        \n        // 2. 读取第二行目标值\n        int target = scanner.nextInt();\n        \n        // 3. 调用核心算法\n        Solution sol = new Solution();\n        int[] result = sol.twoSum(nums, target);\n        \n        // 4. 将结果转为字符串打印到控制台\n        // 去除 Arrays.toString 默认产生的空格，确保输出严格为 \"[0,1]\" 格式\n        System.out.println(Arrays.toString(result).replace(\" \", \"\"));\n    }\n\n    // 你完美的核心算法代码，一字未改\n    public int[] twoSum(int[] nums, int target) {\n        Map<Integer, Integer> map = new HashMap<>();\n        for (int i = 0; i < nums.length; i++) {\n            int complement = target - nums[i];\n            if (map.containsKey(complement)) {\n                return new int[] { map.get(complement), i };\n            }\n            map.put(nums[i], i);\n        }\n        throw new IllegalArgumentException(\"No two sum solution\");\n    }\n}', 1, 3726, 0.00, '2026-03-31 23:14:10', '2026-03-31 23:14:10', 0);
INSERT INTO `problem_submission` VALUES (44, 2, 1, 'java', 'public class Solution {\n    public void solve() {\n        \n    }\n}', 5, 1153, 0.00, '2026-03-31 23:54:43', '2026-03-31 23:54:43', 0);
INSERT INTO `problem_submission` VALUES (45, 3, 1, 'java', 'public class Solution {\n    public void solve() {\n        \n    }\n}', 5, 1033, 0.00, '2026-03-31 23:55:00', '2026-03-31 23:55:00', 0);
INSERT INTO `problem_submission` VALUES (46, 3, 1, 'java', 'public class Solution {\n    public void solve() {\n        \n    }\n}', 5, 1352, 0.00, '2026-04-01 00:01:18', '2026-04-01 00:01:18', 0);
INSERT INTO `problem_submission` VALUES (47, 3, 1, 'java', 'import java.util.HashMap;\nimport java.util.Map;\nimport java.util.Scanner;\nimport java.util.Arrays;\n\npublic class Solution {\n    \n    public static void main(String[] args) {\n        Scanner scanner = new Scanner(System.in);\n        if (!scanner.hasNextLine()) return;\n        \n        // 1. 读取第一行，比如 \"[2,7,11,15]\" 或 \"[2, 7, 11, 15]\"\n        String line = scanner.nextLine().trim();\n        \n        // 去除开头的 \"[\" 和结尾的 \"]\"\n        line = line.replace(\"[\", \"\").replace(\"]\", \"\");\n        \n        // 按逗号分割字符串\n        String[] numsStr = line.split(\",\");\n        int[] nums = new int[numsStr.length];\n        for (int i = 0; i < numsStr.length; i++) {\n            // trim() 去除数字两边可能存在的空格，然后强转\n            nums[i] = Integer.parseInt(numsStr[i].trim());\n        }\n        \n        // 2. 读取第二行目标值\n        int target = scanner.nextInt();\n        \n        // 3. 调用核心算法\n        Solution sol = new Solution();\n        int[] result = sol.twoSum(nums, target);\n        \n        // 4. 将结果转为字符串打印到控制台\n        // 去除 Arrays.toString 默认产生的空格，确保输出严格为 \"[0,1]\" 格式\n        System.out.println(Arrays.toString(result).replace(\" \", \"\"));\n    }\n\n    // 你完美的核心算法代码，一字未改\n    public int[] twoSum(int[] nums, int target) {\n        Map<Integer, Integer> map = new HashMap<>();\n        for (int i = 0; i < nums.length; i++) {\n            int complement = target - nums[i];\n            if (map.containsKey(complement)) {\n                return new int[] { map.get(complement), i };\n            }\n            map.put(nums[i], i);\n        }\n        throw new IllegalArgumentException(\"No two sum solution\");\n    }\n}', 1, 4521, 0.00, '2026-04-01 04:12:29', '2026-04-01 04:12:29', 0);
INSERT INTO `problem_submission` VALUES (48, 3, 1, 'java', 'public class Solution {\n    public void solve() {\n        \n    }\n}', 5, 1194, 0.00, '2026-04-01 04:24:18', '2026-04-01 04:24:18', 0);
INSERT INTO `problem_submission` VALUES (49, 2, 1, 'java', 'import java.util.HashMap;\nimport java.util.Map;\nimport java.util.Scanner;\nimport java.util.Arrays;\n\npublic class Solution {\n    \n    public static void main(String[] args) {\n        Scanner scanner = new Scanner(System.in);\n        if (!scanner.hasNextLine()) return;\n        \n        // 1. 读取第一行，比如 \"[2,7,11,15]\" 或 \"[2, 7, 11, 15]\"\n        String line = scanner.nextLine().trim();\n        \n        // 去除开头的 \"[\" 和结尾的 \"]\"\n        line = line.replace(\"[\", \"\").replace(\"]\", \"\");\n        \n        // 按逗号分割字符串\n        String[] numsStr = line.split(\",\");\n        int[] nums = new int[numsStr.length];\n        for (int i = 0; i < numsStr.length; i++) {\n            // trim() 去除数字两边可能存在的空格，然后强转\n            nums[i] = Integer.parseInt(numsStr[i].trim());\n        }\n        \n        // 2. 读取第二行目标值\n        int target = scanner.nextInt();\n        \n        // 3. 调用核心算法\n        Solution sol = new Solution();\n        int[] result = sol.twoSum(nums, target);\n        \n        // 4. 将结果转为字符串打印到控制台\n        // 去除 Arrays.toString 默认产生的空格，确保输出严格为 \"[0,1]\" 格式\n        System.out.println(Arrays.toString(result).replace(\" \", \"\"));\n    }\n\n    // 你完美的核心算法代码，一字未改\n    public int[] twoSum(int[] nums, int target) {\n        Map<Integer, Integer> map = new HashMap<>();\n        for (int i = 0; i < nums.length; i++) {\n            int complement = target - nums[i];\n            if (map.containsKey(complement)) {\n                return new int[] { map.get(complement), i };\n            }\n            map.put(nums[i], i);\n        }\n        throw new IllegalArgumentException(\"No two sum solution\");\n    }\n}', 1, 3542, 0.00, '2026-04-01 04:32:52', '2026-04-01 04:32:52', 0);
INSERT INTO `problem_submission` VALUES (50, 2, 1, 'java', 'import java.util.HashMap;\nimport java.util.Map;\nimport java.util.Scanner;\nimport java.util.Arrays;\n\npublic class Solution {\n    \n    public static void main(String[] args) {\n        Scanner scanner = new Scanner(System.in);\n        if (!scanner.hasNextLine()) return;\n        \n        // 1. 读取第一行，比如 \"[2,7,11,15]\" 或 \"[2, 7, 11, 15]\"\n        String line = scanner.nextLine().trim();\n        \n        // 去除开头的 \"[\" 和结尾的 \"]\"\n        line = line.replace(\"[\", \"\").replace(\"]\", \"\");\n        \n        // 按逗号分割字符串\n        String[] numsStr = line.split(\",\");\n        int[] nums = new int[numsStr.length];\n        for (int i = 0; i < numsStr.length; i++) {\n            // trim() 去除数字两边可能存在的空格，然后强转\n            nums[i] = Integer.parseInt(numsStr[i].trim());\n        }\n        \n        // 2. 读取第二行目标值\n        int target = scanner.nextInt();\n        \n        // 3. 调用核心算法\n        Solution sol = new Solution();\n        int[] result = sol.twoSum(nums, target);\n        \n        // 4. 将结果转为字符串打印到控制台\n        // 去除 Arrays.toString 默认产生的空格，确保输出严格为 \"[0,1]\" 格式\n        System.out.println(Arrays.toString(result).replace(\" \", \"\"));\n    }\n\n    // 你完美的核心算法代码，一字未改\n    public int[] twoSum(int[] nums, int target) {\n        Map<Integer, Integer> map = new HashMap<>();\n        for (int i = 0; i < nums.length; i++) {\n            int complement = target - nums[i];\n            if (map.containsKey(complement)) {\n                return new int[] { map.get(complement), i };\n            }\n            map.put(nums[i], i);\n        }\n        throw new IllegalArgumentException(\"No two sum solution\");\n    }\n}', 1, 3762, 0.00, '2026-04-01 04:33:36', '2026-04-01 04:33:36', 0);
INSERT INTO `problem_submission` VALUES (51, 3, 1, 'java', 'import java.util.HashMap;\nimport java.util.Map;\nimport java.util.Scanner;\nimport java.util.Arrays;\n\npublic class Solution {\n    \n    public static void main(String[] args) {\n        Scanner scanner = new Scanner(System.in);\n        if (!scanner.hasNextLine()) return;\n        \n        // 1. 读取第一行，比如 \"[2,7,11,15]\" 或 \"[2, 7, 11, 15]\"\n        String line = scanner.nextLine().trim();\n        \n        // 去除开头的 \"[\" 和结尾的 \"]\"\n        line = line.replace(\"[\", \"\").replace(\"]\", \"\");\n        \n        // 按逗号分割字符串\n        String[] numsStr = line.split(\",\");\n        int[] nums = new int[numsStr.length];\n        for (int i = 0; i < numsStr.length; i++) {\n            // trim() 去除数字两边可能存在的空格，然后强转\n            nums[i] = Integer.parseInt(numsStr[i].trim());\n        }\n        \n        // 2. 读取第二行目标值\n        int target = scanner.nextInt();\n        \n        // 3. 调用核心算法\n        Solution sol = new Solution();\n        int[] result = sol.twoSum(nums, target);\n        \n        // 4. 将结果转为字符串打印到控制台\n        // 去除 Arrays.toString 默认产生的空格，确保输出严格为 \"[0,1]\" 格式\n        System.out.println(Arrays.toString(result).replace(\" \", \"\"));\n    }\n\n    // 你完美的核心算法代码，一字未改\n    public int[] twoSum(int[] nums, int target) {\n        Map<Integer, Integer> map = new HashMap<>();\n        for (int i = 0; i < nums.length; i++) {\n            int complement = target - nums[i];\n            if (map.containsKey(complement)) {\n                return new int[] { map.get(complement), i };\n            }\n            map.put(nums[i], i);\n        }\n        throw new IllegalArgumentException(\"No two sum solution\");\n    }\n}', 1, 3569, 0.00, '2026-04-01 04:56:32', '2026-04-01 04:56:32', 0);
INSERT INTO `problem_submission` VALUES (52, 3, 1, 'java', 'import java.util.HashMap;\nimport java.util.Map;\nimport java.util.Scanner;\nimport java.util.Arrays;\n\npublic class Solution {\n    \n    public static void main(String[] args) {\n        Scanner scanner = new Scanner(System.in);\n        if (!scanner.hasNextLine()) return;\n        \n        // 1. 读取第一行，比如 \"[2,7,11,15]\" 或 \"[2, 7, 11, 15]\"\n        String line = scanner.nextLine().trim();\n        \n        // 去除开头的 \"[\" 和结尾的 \"]\"\n        line = line.replace(\"[\", \"\").replace(\"]\", \"\");\n        \n        // 按逗号分割字符串\n        String[] numsStr = line.split(\",\");\n        int[] nums = new int[numsStr.length];\n        for (int i = 0; i < numsStr.length; i++) {\n            // trim() 去除数字两边可能存在的空格，然后强转\n            nums[i] = Integer.parseInt(numsStr[i].trim());\n        }\n        \n        // 2. 读取第二行目标值\n        int target = scanner.nextInt();\n        \n        // 3. 调用核心算法\n        Solution sol = new Solution();\n        int[] result = sol.twoSum(nums, target);\n        \n        // 4. 将结果转为字符串打印到控制台\n        // 去除 Arrays.toString 默认产生的空格，确保输出严格为 \"[0,1]\" 格式\n        System.out.println(Arrays.toString(result).replace(\" \", \"\"));\n    }\n\n    // 你完美的核心算法代码，一字未改\n    public int[] twoSum(int[] nums, int target) {\n        Map<Integer, Integer> map = new HashMap<>();\n        for (int i = 0; i < nums.length; i++) {\n            int complement = target - nums[i];\n            if (map.containsKey(complement)) {\n                return new int[] { map.get(complement), i };\n            }\n            map.put(nums[i], i);\n        }\n        throw new IllegalArgumentException(\"No two sum solution\");\n    }\n}', 1, 3350, 0.00, '2026-04-01 05:14:31', '2026-04-01 05:14:31', 0);
INSERT INTO `problem_submission` VALUES (53, 3, 1, 'java', 'import java.util.HashMap;\nimport java.util.Map;\nimport java.util.Scanner;\nimport java.util.Arrays;\n\npublic class Solution {\n    \n    public static void main(String[] args) {\n        Scanner scanner = new Scanner(System.in);\n        if (!scanner.hasNextLine()) return;\n        \n        // 1. 读取第一行，比如 \"[2,7,11,15]\" 或 \"[2, 7, 11, 15]\"\n        String line = scanner.nextLine().trim();\n        \n        // 去除开头的 \"[\" 和结尾的 \"]\"\n        line = line.replace(\"[\", \"\").replace(\"]\", \"\");\n        \n        // 按逗号分割字符串\n        String[] numsStr = line.split(\",\");\n        int[] nums = new int[numsStr.length];\n        for (int i = 0; i < numsStr.length; i++) {\n            // trim() 去除数字两边可能存在的空格，然后强转\n            nums[i] = Integer.parseInt(numsStr[i].trim());\n        }\n        \n        // 2. 读取第二行目标值\n        int target = scanner.nextInt();\n        \n        // 3. 调用核心算法\n        Solution sol = new Solution();\n        int[] result = sol.twoSum(nums, target);\n        \n        // 4. 将结果转为字符串打印到控制台\n        // 去除 Arrays.toString 默认产生的空格，确保输出严格为 \"[0,1]\" 格式\n        System.out.println(Arrays.toString(result).replace(\" \", \"\"));\n    }\n\n    // 你完美的核心算法代码，一字未改\n    public int[] twoSum(int[] nums, int target) {\n        Map<Integer, Integer> map = new HashMap<>();\n        for (int i = 0; i < nums.length; i++) {\n            int complement = target - nums[i];\n            if (map.containsKey(complement)) {\n                return new int[] { map.get(complement), i };\n            }\n            map.put(nums[i], i);\n        }\n        throw new IllegalArgumentException(\"No two sum solution\");\n    }\n}', 1, 3658, 0.00, '2026-04-01 05:39:29', '2026-04-01 05:39:29', 0);
INSERT INTO `problem_submission` VALUES (54, 3, 1, 'java', 'public class Solution {\n    public void solve() {\n        水电费阿萨德是的法律上是的立法技术乐山大佛就是老师啦乐山大佛了老师的法律手拉手的\n\n\n\n        是短发撒发顺丰水电费阿萨德设计费\n\n\n\n        是的\n    }\n}', 5, 963, 0.00, '2026-04-01 05:52:34', '2026-04-01 05:52:34', 0);
INSERT INTO `problem_submission` VALUES (55, 3, 1, 'java', 'import java.util.HashMap;\nimport java.util.Map;\nimport java.util.Scanner;\nimport java.util.Arrays;\n\npublic class Solution {\n    \n    public static void main(String[] args) {\n        Scanner scanner = new Scanner(System.in);\n        if (!scanner.hasNextLine()) return;\n        \n        // 1. 读取第一行，比如 \"[2,7,11,15]\" 或 \"[2, 7, 11, 15]\"\n        String line = scanner.nextLine().trim();\n        \n        // 去除开头的 \"[\" 和结尾的 \"]\"\n        line = line.replace(\"[\", \"\").replace(\"]\", \"\");\n        \n        // 按逗号分割字符串\n        String[] numsStr = line.split(\",\");\n        int[] nums = new int[numsStr.length];\n        for (int i = 0; i < numsStr.length; i++) {\n            // trim() 去除数字两边可能存在的空格，然后强转\n            nums[i] = Integer.parseInt(numsStr[i].trim());\n        }\n        \n        // 2. 读取第二行目标值\n        int target = scanner.nextInt();\n        \n        // 3. 调用核心算法\n        Solution sol = new Solution();\n        int[] result = sol.twoSum(nums, target);\n        \n        // 4. 将结果转为字符串打印到控制台\n        // 去除 Arrays.toString 默认产生的空格，确保输出严格为 \"[0,1]\" 格式\n        System.out.println(Arrays.toString(result).replace(\" \", \"\"));\n    }\n\n    // 你完美的核心算法代码，一字未改\n    public int[] twoSum(int[] nums, int target) {\n        Map<Integer, Integer> map = new HashMap<>();\n        for (int i = 0; i < nums.length; i++) {\n            int complement = target - nums[i];\n            if (map.containsKey(complement)) {\n                return new int[] { map.get(complement), i };\n            }\n            map.put(nums[i], i);\n        }\n        throw new IllegalArgumentException(\"No two sum solution\");\n    }\n}', 1, 3238, 0.00, '2026-04-01 05:52:52', '2026-04-01 05:52:52', 0);
INSERT INTO `problem_submission` VALUES (56, 2, 1, 'java', 'public class Solution {\n    public void solve() {\n        水电费哈是的士大夫就是的\n        是的发觉\n        是的放辣椒\n        收到了发觉\n        斯大林发就是对方康师傅sdfsdjflsjdsljdfjsdlfjsljlsjflsjflsjflsjflsjf\n\n\n\n\n        啥地方就是\n        水电费\n    }\n}', 5, 780, 0.00, '2026-04-01 05:58:28', '2026-04-01 05:58:28', 0);
INSERT INTO `problem_submission` VALUES (57, 3, 1, 'java', 'public class Solution {\n    public void solve() {\n        \n    }\n}', 5, 987, 0.00, '2026-04-01 05:58:58', '2026-04-01 05:58:58', 0);
INSERT INTO `problem_submission` VALUES (58, 3, 1, 'java', 'public class Solution {\n    public void solve() {\n        \n    }\n}', 5, 945, 0.00, '2026-04-01 06:11:40', '2026-04-01 06:11:40', 0);
INSERT INTO `problem_submission` VALUES (59, 2, 1, 'java', 'import java.util.HashMap;\nimport java.util.Map;\nimport java.util.Scanner;\nimport java.util.Arrays;\n\npublic class Solution {\n    \n    public static void main(String[] args) {\n        Scanner scanner = new Scanner(System.in);\n        if (!scanner.hasNextLine()) return;\n        \n        // 1. 读取第一行，比如 \"[2,7,11,15]\" 或 \"[2, 7, 11, 15]\"\n        String line = scanner.nextLine().trim();\n        \n        // 去除开头的 \"[\" 和结尾的 \"]\"\n        line = line.replace(\"[\", \"\").replace(\"]\", \"\");\n        \n        // 按逗号分割字符串\n        String[] numsStr = line.split(\",\");\n        int[] nums = new int[numsStr.length];\n        for (int i = 0; i < numsStr.length; i++) {\n            // trim() 去除数字两边可能存在的空格，然后强转\n            nums[i] = Integer.parseInt(numsStr[i].trim());\n        }\n        \n        // 2. 读取第二行目标值\n        int target = scanner.nextInt();\n        \n        // 3. 调用核心算法\n        Solution sol = new Solution();\n        int[] result = sol.twoSum(nums, target);\n        \n        // 4. 将结果转为字符串打印到控制台\n        // 去除 Arrays.toString 默认产生的空格，确保输出严格为 \"[0,1]\" 格式\n        System.out.println(Arrays.toString(result).replace(\" \", \"\"));\n    }\n\n    // 你完美的核心算法代码，一字未改\n    public int[] twoSum(int[] nums, int target) {\n        Map<Integer, Integer> map = new HashMap<>();\n        for (int i = 0; i < nums.length; i++) {\n            int complement = target - nums[i];\n            if (map.containsKey(complement)) {\n                return new int[] { map.get(complement), i };\n            }\n            map.put(nums[i], i);\n        }\n        throw new IllegalArgumentException(\"No two sum solution\");\n    }\n}', 1, 3546, 0.00, '2026-04-01 06:14:06', '2026-04-01 06:14:06', 0);
INSERT INTO `problem_submission` VALUES (60, 3, 1, 'java', 'import java.util.HashMap;\nimport java.util.Map;\nimport java.util.Scanner;\nimport java.util.Arrays;\n\npublic class Solution {\n    \n    public static void main(String[] args) {\n        Scanner scanner = new Scanner(System.in);\n        if (!scanner.hasNextLine()) return;\n        \n        // 1. 读取第一行，比如 \"[2,7,11,15]\" 或 \"[2, 7, 11, 15]\"\n        String line = scanner.nextLine().trim();\n        \n        // 去除开头的 \"[\" 和结尾的 \"]\"\n        line = line.replace(\"[\", \"\").replace(\"]\", \"\");\n        \n        // 按逗号分割字符串\n        String[] numsStr = line.split(\",\");\n        int[] nums = new int[numsStr.length];\n        for (int i = 0; i < numsStr.length; i++) {\n            // trim() 去除数字两边可能存在的空格，然后强转\n            nums[i] = Integer.parseInt(numsStr[i].trim());\n        }\n        \n        // 2. 读取第二行目标值\n        int target = scanner.nextInt();\n        \n        // 3. 调用核心算法\n        Solution sol = new Solution();\n        int[] result = sol.twoSum(nums, target);\n        \n        // 4. 将结果转为字符串打印到控制台\n        // 去除 Arrays.toString 默认产生的空格，确保输出严格为 \"[0,1]\" 格式\n        System.out.println(Arrays.toString(result).replace(\" \", \"\"));\n    }\n\n    // 你完美的核心算法代码，一字未改\n    public int[] twoSum(int[] nums, int target) {\n        Map<Integer, Integer> map = new HashMap<>();\n        for (int i = 0; i < nums.length; i++) {\n            int complement = target - nums[i];\n            if (map.containsKey(complement)) {\n                return new int[] { map.get(complement), i };\n            }\n            map.put(nums[i], i);\n        }\n        throw new IllegalArgumentException(\"No two sum solution\");\n    }\n}\n', 1, 3650, 0.00, '2026-04-01 06:15:03', '2026-04-01 06:15:03', 0);
INSERT INTO `problem_submission` VALUES (61, 3, 1, 'java', 'import java.util.HashMap;\nimport java.util.Map;\nimport java.util.Scanner;\nimport java.util.Arrays;\n\npublic class Solution {\n    \n    public static void main(String[] args) {\n        Scanner scanner = new Scanner(System.in);\n        if (!scanner.hasNextLine()) return;\n        \n        // 1. 读取第一行，比如 \"[2,7,11,15]\" 或 \"[2, 7, 11, 15]\"\n        String line = scanner.nextLine().trim();\n        \n        // 去除开头的 \"[\" 和结尾的 \"]\"\n        line = line.replace(\"[\", \"\").replace(\"]\", \"\");\n        \n        // 按逗号分割字符串\n        String[] numsStr = line.split(\",\");\n        int[] nums = new int[numsStr.length];\n        for (int i = 0; i < numsStr.length; i++) {\n            // trim() 去除数字两边可能存在的空格，然后强转\n            nums[i] = Integer.parseInt(numsStr[i].trim());\n        }\n        \n        // 2. 读取第二行目标值\n        int target = scanner.nextInt();\n        \n        // 3. 调用核心算法\n        Solution sol = new Solution();\n        int[] result = sol.twoSum(nums, target);\n        \n        // 4. 将结果转为字符串打印到控制台\n        // 去除 Arrays.toString 默认产生的空格，确保输出严格为 \"[0,1]\" 格式\n        System.out.println(Arrays.toString(result).replace(\" \", \"\"));\n    }\n\n    // 你完美的核心算法代码，一字未改\n    public int[] twoSum(int[] nums, int target) {\n        Map<Integer, Integer> map = new HashMap<>();\n        for (int i = 0; i < nums.length; i++) {\n            int complement = target - nums[i];\n            if (map.containsKey(complement)) {\n                return new int[] { map.get(complement), i };\n            }\n            map.put(nums[i], i);\n        }\n        throw new IllegalArgumentException(\"No two sum solution\");\n    }\n}}\n', 5, 971, 0.00, '2026-04-01 06:27:17', '2026-04-01 06:27:17', 0);
INSERT INTO `problem_submission` VALUES (62, 3, 1, 'java', 'import java.util.HashMap;\nimport java.util.Map;\nimport java.util.Scanner;\nimport java.util.Arrays;\n\npublic class Solution {\n    \n    public static void main(String[] args) {\n        Scanner scanner = new Scanner(System.in);\n        if (!scanner.hasNextLine()) return;\n        \n        // 1. 读取第一行，比如 \"[2,7,11,15]\" 或 \"[2, 7, 11, 15]\"\n        String line = scanner.nextLine().trim();\n        \n        // 去除开头的 \"[\" 和结尾的 \"]\"\n        line = line.replace(\"[\", \"\").replace(\"]\", \"\");\n        \n        // 按逗号分割字符串\n        String[] numsStr = line.split(\",\");\n        int[] nums = new int[numsStr.length];\n        for (int i = 0; i < numsStr.length; i++) {\n            // trim() 去除数字两边可能存在的空格，然后强转\n            nums[i] = Integer.parseInt(numsStr[i].trim());\n        }\n        \n        // 2. 读取第二行目标值\n        int target = scanner.nextInt();\n        \n        // 3. 调用核心算法\n        Solution sol = new Solution();\n        int[] result = sol.twoSum(nums, target);\n        \n        // 4. 将结果转为字符串打印到控制台\n        // 去除 Arrays.toString 默认产生的空格，确保输出严格为 \"[0,1]\" 格式\n        System.out.println(Arrays.toString(result).replace(\" \", \"\"));\n    }\n\n    // 你完美的核心算法代码，一字未改\n    public int[] twoSum(int[] nums, int target) {\n        Map<Integer, Integer> map = new HashMap<>();\n        for (int i = 0; i < nums.length; i++) {\n            int complement = target - nums[i];\n            if (map.containsKey(complement)) {\n                return new int[] { map.get(complement), i };\n            }\n            map.put(nums[i], i);\n        }\n        throw new IllegalArgumentException(\"No two sum solution\");\n    }\n}}\n', 5, 758, 0.00, '2026-04-01 06:27:30', '2026-04-01 06:27:30', 0);
INSERT INTO `problem_submission` VALUES (63, 3, 1, 'java', 'import java.util.HashMap;\nimport java.util.Map;\nimport java.util.Scanner;\nimport java.util.Arrays;\n\npublic class Solution {\n    \n    public static void main(String[] args) {\n        Scanner scanner = new Scanner(System.in);\n        if (!scanner.hasNextLine()) return;\n        \n        // 1. 读取第一行，比如 \"[2,7,11,15]\" 或 \"[2, 7, 11, 15]\"\n        String line = scanner.nextLine().trim();\n        \n        // 去除开头的 \"[\" 和结尾的 \"]\"\n        line = line.replace(\"[\", \"\").replace(\"]\", \"\");\n        \n        // 按逗号分割字符串\n        String[] numsStr = line.split(\",\");\n        int[] nums = new int[numsStr.length];\n        for (int i = 0; i < numsStr.length; i++) {\n            // trim() 去除数字两边可能存在的空格，然后强转\n            nums[i] = Integer.parseInt(numsStr[i].trim());\n        }\n        \n        // 2. 读取第二行目标值\n        int target = scanner.nextInt();\n        \n        // 3. 调用核心算法\n        Solution sol = new Solution();\n        int[] result = sol.twoSum(nums, target);\n        \n        // 4. 将结果转为字符串打印到控制台\n        // 去除 Arrays.toString 默认产生的空格，确保输出严格为 \"[0,1]\" 格式\n        System.out.println(Arrays.toString(result).replace(\" \", \"\"));\n    }\n\n    // 你完美的核心算法代码，一字未改\n    public int[] twoSum(int[] nums, int target) {\n        Map<Integer, Integer> map = new HashMap<>();\n        for (int i = 0; i < nums.length; i++) {\n            int complement = target - nums[i];\n            if (map.containsKey(complement)) {\n                return new int[] { map.get(complement), i };\n            }\n            map.put(nums[i], i);\n        }\n        throw new IllegalArgumentException(\"No two sum solution\");\n    }\n}', 1, 3336, 0.00, '2026-04-01 06:28:02', '2026-04-01 06:28:02', 0);
INSERT INTO `problem_submission` VALUES (64, 2, 1, 'java', 'import java.util.HashMap;\nimport java.util.Map;\nimport java.util.Scanner;\nimport java.util.Arrays;\n\npublic class Solution {\n    \n    public static void main(String[] args) {\n        Scanner scanner = new Scanner(System.in);\n        if (!scanner.hasNextLine()) return;\n        \n        // 1. 读取第一行，比如 \"[2,7,11,15]\" 或 \"[2, 7, 11, 15]\"\n        String line = scanner.nextLine().trim();\n        \n        // 去除开头的 \"[\" 和结尾的 \"]\"\n        line = line.replace(\"[\", \"\").replace(\"]\", \"\");\n        \n        // 按逗号分割字符串\n        String[] numsStr = line.split(\",\");\n        int[] nums = new int[numsStr.length];\n        for (int i = 0; i < numsStr.length; i++) {\n            // trim() 去除数字两边可能存在的空格，然后强转\n            nums[i] = Integer.parseInt(numsStr[i].trim());\n        }\n        \n        // 2. 读取第二行目标值\n        int target = scanner.nextInt();\n        \n        // 3. 调用核心算法\n        Solution sol = new Solution();\n        int[] result = sol.twoSum(nums, target);\n        \n        // 4. 将结果转为字符串打印到控制台\n        // 去除 Arrays.toString 默认产生的空格，确保输出严格为 \"[0,1]\" 格式\n        System.out.println(Arrays.toString(result).replace(\" \", \"\"));\n    }\n\n    // 你完美的核心算法代码，一字未改\n    public int[] twoSum(int[] nums, int target) {\n        Map<Integer, Integer> map = new HashMap<>();\n        for (int i = 0; i < nums.length; i++) {\n            int complement = target - nums[i];\n            if (map.containsKey(complement)) {\n                return new int[] { map.get(complement), i };\n            }\n            map.put(nums[i], i);\n        }\n        throw new IllegalArgumentException(\"No two sum solution\");\n    }\n}', 1, 3747, 0.00, '2026-04-01 06:42:15', '2026-04-01 06:42:15', 0);
INSERT INTO `problem_submission` VALUES (65, 2, 1, 'java', 'import java.util.HashMap;\r\nimport java.util.Map;\r\nimport java.util.Scanner;\r\nimport java.util.Arrays;\r\n\r\npublic class Solution {\r\n    \r\n    public static void main(String[] args) {\r\n        Scanner scanner = new Scanner(System.in);\r\n        if (!scanner.hasNextLine()) return;\r\n        \r\n        // 1. 读取第一行，比如 \"[2,7,11,15]\" 或 \"[2, 7, 11, 15]\"\r\n        String line = scanner.nextLine().trim();\r\n        \r\n        // 去除开头的 \"[\" 和结尾的 \"]\"\r\n        line = line.replace(\"[\", \"\").replace(\"]\", \"\");\r\n        \r\n        // 按逗号分割字符串\r\n        String[] numsStr = line.split(\",\");\r\n        int[] nums = new int[numsStr.length];\r\n        for (int i = 0; i < numsStr.length; i++) {\r\n            // trim() 去除数字两边可能存在的空格，然后强转\r\n            nums[i] = Integer.parseInt(numsStr[i].trim());\r\n        }\r\n        \r\n        // 2. 读取第二行目标值\r\n        int target = scanner.nextInt();\r\n        \r\n        // 3. 调用核心算法\r\n        Solution sol = new Solution();\r\n        int[] result = sol.twoSum(nums, target);\r\n        \r\n        // 4. 将结果转为字符串打印到控制台\r\n        // 去除 Arrays.toString 默认产生的空格，确保输出严格为 \"[0,1]\" 格式\r\n        System.out.println(Arrays.toString(result).replace(\" \", \"\"));\r\n    }\r\n\r\n    // 你完美的核心算法代码，一字未改\r\n    public int[] twoSum(int[] nums, int target) {\r\n        Map<Integer, Integer> map = new HashMap<>();\r\n        for (int i = 0; i < nums.length; i++) {\r\n            int complement = target - nums[i];\r\n            if (map.containsKey(complement)) {\r\n                return new int[] { map.get(complement), i };\r\n            }\r\n            map.put(nums[i], i);\r\n        }\r\n        throw new IllegalArgumentException(\"No two sum solution\");\r\n    }\r\n}', 1, 3584, 0.00, '2026-04-01 06:53:43', '2026-04-01 06:53:43', 0);
INSERT INTO `problem_submission` VALUES (66, 2, 1, 'java', 'import java.util.HashMap;\nimport java.util.Map;\nimport java.util.Scanner;\nimport java.util.Arrays;\n\npublic class Solution {\n    \n    public static void main(String[] args) {\n        Scanner scanner = new Scanner(System.in);\n        if (!scanner.hasNextLine()) return;\n        \n        // 1. 读取第一行，比如 \"[2,7,11,15]\" 或 \"[2, 7, 11, 15]\"\n        String line = scanner.nextLine().trim();\n        \n        // 去除开头的 \"[\" 和结尾的 \"]\"\n        line = line.replace(\"[\", \"\").replace(\"]\", \"\");\n        \n        // 按逗号分割字符串\n        String[] numsStr = line.split(\",\");\n        int[] nums = new int[numsStr.length];\n        for (int i = 0; i < numsStr.length; i++) {\n            // trim() 去除数字两边可能存在的空格，然后强转\n            nums[i] = Integer.parseInt(numsStr[i].trim());\n        }\n        \n        // 2. 读取第二行目标值\n        int target = scanner.nextInt();\n        \n        // 3. 调用核心算法\n        Solution sol = new Solution();\n        int[] result = sol.twoSum(nums, target);\n        \n        // 4. 将结果转为字符串打印到控制台\n        // 去除 Arrays.toString 默认产生的空格，确保输出严格为 \"[0,1]\" 格式\n        System.out.println(Arrays.toString(result).replace(\" \", \"\"));\n    }\n\n    // 你完美的核心算法代码，一字未改\n    public int[] twoSum(int[] nums, int target) {\n        Map<Integer, Integer> map = new HashMap<>();\n        for (int i = 0; i < nums.length; i++) {\n            int complement = target - nums[i];\n            if (map.containsKey(complement)) {\n                return new int[] { map.get(complement), i };\n            }\n            map.put(nums[i], i);\n        }\n        throw new IllegalArgumentException(\"No two sum solution\");\n    }\n}', 1, 3236, 0.00, '2026-04-01 08:02:51', '2026-04-01 08:02:51', 0);
INSERT INTO `problem_submission` VALUES (67, 2, 1, 'java', 'import java.util.*;\nimport java.io.*;\n\npublic class Solution {\n\n    /**\n     * 核心算法逻辑写在这里\n     */\n    public void solve() {\n        // TODO: 在这里编写你的算法逻辑\n        \n    }\n\n    /**\n     * CodeNexus ACM 模式程序入口\n     * 请在此处解析标准输入 (Standard Input) 并打印标准输出 (Standard Output)\n     */\n    public static void main(String[] args) {\n        Scanner scanner = new Scanner(System.in);\n        \n        // 示例：如果题目需要读取多行或特定格式的输入\n        /*\n        if (scanner.hasNextLine()) {\n            // 1. 读取并解析输入数据\n            String line = scanner.nextLine();\n            \n            // 2. 实例化并调用核心算法\n            Solution sol = new Solution();\n            // Object result = sol.solve(...);\n            \n            // 3. 按照题目要求的格式打印输出\n            // System.out.println(result);\n        }\n        */\n    }\n}\n', 2, 1080, 0.00, '2026-04-02 22:48:30', '2026-04-02 22:48:30', 0);
INSERT INTO `problem_submission` VALUES (68, 2, 2, 'java', 'import java.util.*;\nimport java.io.*;\n\npublic class Solution {\n\n    /**\n     * 核心算法逻辑写在这里\n     */\n    public void solve() {\n        // TODO: 在这里编写你的算法逻辑\n        \n    }\n\n    /**\n     * CodeNexus ACM 模式程序入口\n     * 请在此处解析标准输入 (Standard Input) 并打印标准输出 (Standard Output)\n     */\n    public static void main(String[] args) {\n        Scanner scanner = new Scanner(System.in);\n        \n        // 示例：如果题目需要读取多行或特定格式的输入\n        /*\n        if (scanner.hasNextLine()) {\n            // 1. 读取并解析输入数据\n            String line = scanner.nextLine();\n            \n            // 2. 实例化并调用核心算法\n            Solution sol = new Solution();\n            // Object result = sol.solve(...);\n            \n            // 3. 按照题目要求的格式打印输出\n            // System.out.println(result);\n        }\n        */\n    }\n}\n', 2, 981, 0.00, '2026-04-02 22:50:29', '2026-04-02 22:50:29', 0);
INSERT INTO `problem_submission` VALUES (69, 2, 1, 'java', 'import java.util.HashMap;\nimport java.util.Map;\nimport java.util.Scanner;\nimport java.util.Arrays;\n\npublic class Solution {\n    \n    public static void main(String[] args) {\n        Scanner scanner = new Scanner(System.in);\n        if (!scanner.hasNextLine()) return;\n        \n        // 1. 读取第一行，比如 \"[2,7,11,15]\" 或 \"[2, 7, 11, 15]\"\n        String line = scanner.nextLine().trim();\n        \n        // 去除开头的 \"[\" 和结尾的 \"]\"\n        line = line.replace(\"[\", \"\").replace(\"]\", \"\");\n        \n        // 按逗号分割字符串\n        String[] numsStr = line.split(\",\");\n        int[] nums = new int[numsStr.length];\n        for (int i = 0; i < numsStr.length; i++) {\n            // trim() 去除数字两边可能存在的空格，然后强转\n            nums[i] = Integer.parseInt(numsStr[i].trim());\n        }\n        \n        // 2. 读取第二行目标值\n        int target = scanner.nextInt();\n        \n        // 3. 调用核心算法\n        Solution sol = new Solution();\n        int[] result = sol.twoSum(nums, target);\n        \n        // 4. 将结果转为字符串打印到控制台\n        // 去除 Arrays.toString 默认产生的空格，确保输出严格为 \"[0,1]\" 格式\n        System.out.println(Arrays.toString(result).replace(\" \", \"\"));\n    }\n\n    // 你完美的核心算法代码，一字未改\n    public int[] twoSum(int[] nums, int target) {\n        Map<Integer, Integer> map = new HashMap<>();\n        for (int i = 0; i < nums.length; i++) {\n            int complement = target - nums[i];\n            if (map.containsKey(complement)) {\n                return new int[] { map.get(complement), i };\n            }\n            map.put(nums[i], i);\n        }\n        throw new IllegalArgumentException(\"No two sum solution\");\n    }\n}', 1, 3782, 0.00, '2026-04-02 22:56:27', '2026-04-02 22:56:27', 0);
INSERT INTO `problem_submission` VALUES (70, 2, 1, 'java', 'import java.util.HashMap;\nimport java.util.Map;\nimport java.util.Scanner;\nimport java.util.Arrays;\n\npublic class Solution {\n    \n    public static void main(String[] args) {\n        Scanner scanner = new Scanner(System.in);\n        if (!scanner.hasNextLine()) return;\n        \n        // 1. 读取第一行，比如 \"[2,7,11,15]\" 或 \"[2, 7, 11, 15]\"\n        String line = scanner.nextLine().trim();\n        \n        // 去除开头的 \"[\" 和结尾的 \"]\"\n        line = line.replace(\"[\", \"\").replace(\"]\", \"\");\n        \n        // 按逗号分割字符串\n        String[] numsStr = line.split(\",\");\n        int[] nums = new int[numsStr.length];\n        for (int i = 0; i < numsStr.length; i++) {\n            // trim() 去除数字两边可能存在的空格，然后强转\n            nums[i] = Integer.parseInt(numsStr[i].trim());\n        }\n        \n        // 2. 读取第二行目标值\n        int target = scanner.nextInt();\n        \n        // 3. 调用核心算法\n        Solution sol = new Solution();\n        int[] result = sol.twoSum(nums, target);\n        \n        // 4. 将结果转为字符串打印到控制台\n        // 去除 Arrays.toString 默认产生的空格，确保输出严格为 \"[0,1]\" 格式\n        System.out.println(Arrays.toString(result).replace(\" \", \"\"));\n    }\n\n    // 你完美的核心算法代码，一字未改\n    public int[] twoSum(int[] nums, int target) {\n        Map<Integer, Integer> map = new HashMap<>();\n        for (int i = 0; i < nums.length; i++) {\n            int complement = target - nums[i];\n            if (map.containsKey(complement)) {\n                return new int[] { map.get(complement), i };\n            }\n            map.put(nums[i], i);\n        }\n        throw new IllegalArgumentException(\"No two sum solution\");\n    }\n}\n', 1, 4132, 0.00, '2026-04-02 23:07:34', '2026-04-02 23:07:34', 0);
INSERT INTO `problem_submission` VALUES (71, 2, 1, 'java', 'import java.util.HashMap;\nimport java.util.Map;\nimport java.util.Scanner;\nimport java.util.Arrays;\n\npublic class Solution {\n    \n    public static void main(String[] args) {\n        Scanner scanner = new Scanner(System.in);\n        if (!scanner.hasNextLine()) return;\n        \n        // 1. 读取第一行，比如 \"[2,7,11,15]\" 或 \"[2, 7, 11, 15]\"\n        String line = scanner.nextLine().trim();\n        \n        // 去除开头的 \"[\" 和结尾的 \"]\"\n        line = line.replace(\"[\", \"\").replace(\"]\", \"\");\n        \n        // 按逗号分割字符串\n        String[] numsStr = line.split(\",\");\n        int[] nums = new int[numsStr.length];\n        for (int i = 0; i < numsStr.length; i++) {\n            // trim() 去除数字两边可能存在的空格，然后强转\n            nums[i] = Integer.parseInt(numsStr[i].trim());\n        }\n        \n        // 2. 读取第二行目标值\n        int target = scanner.nextInt();\n        \n        // 3. 调用核心算法\n        Solution sol = new Solution();\n        int[] result = sol.twoSum(nums, target);\n        \n        // 4. 将结果转为字符串打印到控制台\n        // 去除 Arrays.toString 默认产生的空格，确保输出严格为 \"[0,1]\" 格式\n        System.out.println(Arrays.toString(result).replace(\" \", \"\"));\n    }\n\n    // 你完美的核心算法代码，一字未改\n    public int[] twoSum(int[] nums, int target) {\n        Map<Integer, Integer> map = new HashMap<>();\n        for (int i = 0; i < nums.length; i++) {\n            int complement = target - nums[i];\n            if (map.containsKey(complement)) {\n                return new int[] { map.get(complement), i };\n            }\n            map.put(nums[i], i);\n        }\n        throw new IllegalArgumentException(\"No two sum solution\");\n    }\n}', 1, 3906, 0.00, '2026-04-02 23:09:53', '2026-04-02 23:09:53', 0);
INSERT INTO `problem_submission` VALUES (72, 3, 1, 'java', 'import java.util.HashMap;\nimport java.util.Map;\nimport java.util.Scanner;\nimport java.util.Arrays;\n\npublic class Solution {\n    \n    public static void main(String[] args) {\n        Scanner scanner = new Scanner(System.in);\n        if (!scanner.hasNextLine()) return;\n        \n        // 1. 读取第一行，比如 \"[2,7,11,15]\" 或 \"[2, 7, 11, 15]\"\n        String line = scanner.nextLine().trim();\n        \n        // 去除开头的 \"[\" 和结尾的 \"]\"\n        line = line.replace(\"[\", \"\").replace(\"]\", \"\");\n        \n        // 按逗号分割字符串\n        String[] numsStr = line.split(\",\");\n        int[] nums = new int[numsStr.length];\n        for (int i = 0; i < numsStr.length; i++) {\n            // trim() 去除数字两边可能存在的空格，然后强转\n            nums[i] = Integer.parseInt(numsStr[i].trim());\n        }\n        \n        // 2. 读取第二行目标值\n        int target = scanner.nextInt();\n        \n        // 3. 调用核心算法\n        Solution sol = new Solution();\n        int[] result = sol.twoSum(nums, target);\n        \n        // 4. 将结果转为字符串打印到控制台\n        // 去除 Arrays.toString 默认产生的空格，确保输出严格为 \"[0,1]\" 格式\n        System.out.println(Arrays.toString(result).replace(\" \", \"\"));\n    }\n\n    // 你完美的核心算法代码，一字未改\n    public int[] twoSum(int[] nums, int target) {\n        Map<Integer, Integer> map = new HashMap<>();\n        for (int i = 0; i < nums.length; i++) {\n            int complement = target - nums[i];\n            if (map.containsKey(complement)) {\n                return new int[] { map.get(complement), i };\n            }\n            map.put(nums[i], i);\n        }\n        throw new IllegalArgumentException(\"No two sum solution\");\n    }\n}', 1, 3921, 0.00, '2026-04-02 23:12:59', '2026-04-02 23:12:59', 0);
INSERT INTO `problem_submission` VALUES (73, 2, 1, 'java', 'import java.util.HashMap;\nimport java.util.Map;\nimport java.util.Scanner;\nimport java.util.Arrays;\n\npublic class Solution {\n    \n    public static void main(String[] args) {\n        Scanner scanner = new Scanner(System.in);\n        if (!scanner.hasNextLine()) return;\n        \n        // 1. 读取第一行，比如 \"[2,7,11,15]\" 或 \"[2, 7, 11, 15]\"\n        String line = scanner.nextLine().trim();\n        \n        // 去除开头的 \"[\" 和结尾的 \"]\"\n        line = line.replace(\"[\", \"\").replace(\"]\", \"\");\n        \n        // 按逗号分割字符串\n        String[] numsStr = line.split(\",\");\n        int[] nums = new int[numsStr.length];\n        for (int i = 0; i < numsStr.length; i++) {\n            // trim() 去除数字两边可能存在的空格，然后强转\n            nums[i] = Integer.parseInt(numsStr[i].trim());\n        }\n        \n        // 2. 读取第二行目标值\n        int target = scanner.nextInt();\n        \n        // 3. 调用核心算法\n        Solution sol = new Solution();\n        int[] result = sol.twoSum(nums, target);\n        \n        // 4. 将结果转为字符串打印到控制台\n        // 去除 Arrays.toString 默认产生的空格，确保输出严格为 \"[0,1]\" 格式\n        System.out.println(Arrays.toString(result).replace(\" \", \"\"));\n    }\n\n    // 你完美的核心算法代码，一字未改\n    public int[] twoSum(int[] nums, int target) {\n        Map<Integer, Integer> map = new HashMap<>();\n        for (int i = 0; i < nums.length; i++) {\n            int complement = target - nums[i];\n            if (map.containsKey(complement)) {\n                return new int[] { map.get(complement), i };\n            }\n            map.put(nums[i], i);\n        }\n        throw new IllegalArgumentException(\"No two sum solution\");\n    }\n}', 1, 3824, 0.00, '2026-04-02 23:13:48', '2026-04-02 23:13:48', 0);
INSERT INTO `problem_submission` VALUES (74, 3, 1, 'java', 'import java.util.HashMap;\nimport java.util.Map;\nimport java.util.Scanner;\nimport java.util.Arrays;\n\npublic class Solution {\n    \n    public static void main(String[] args) {\n        Scanner scanner = new Scanner(System.in);\n        if (!scanner.hasNextLine()) return;\n        \n        // 1. 读取第一行，比如 \"[2,7,11,15]\" 或 \"[2, 7, 11, 15]\"\n        String line = scanner.nextLine().trim();\n        \n        // 去除开头的 \"[\" 和结尾的 \"]\"\n        line = line.replace(\"[\", \"\").replace(\"]\", \"\");\n        \n        // 按逗号分割字符串\n        String[] numsStr = line.split(\",\");\n        int[] nums = new int[numsStr.length];\n        for (int i = 0; i < numsStr.length; i++) {\n            // trim() 去除数字两边可能存在的空格，然后强转\n            nums[i] = Integer.parseInt(numsStr[i].trim());\n        }\n        \n        // 2. 读取第二行目标值\n        int target = scanner.nextInt();\n        \n        // 3. 调用核心算法\n        Solution sol = new Solution();\n        int[] result = sol.twoSum(nums, target);\n        \n        // 4. 将结果转为字符串打印到控制台\n        // 去除 Arrays.toString 默认产生的空格，确保输出严格为 \"[0,1]\" 格式\n        System.out.println(Arrays.toString(result).replace(\" \", \"\"));\n    }\n\n    // 你完美的核心算法代码，一字未改\n    public int[] twoSum(int[] nums, int target) {\n        Map<Integer, Integer> map = new HashMap<>();\n        for (int i = 0; i < nums.length; i++) {\n            int complement = target - nums[i];\n            if (map.containsKey(complement)) {\n                return new int[] { map.get(complement), i };\n            }\n            map.put(nums[i], i);\n        }\n        throw new IllegalArgumentException(\"No two sum solution\");\n    }\n}', 1, 3734, 0.00, '2026-04-02 23:14:21', '2026-04-02 23:14:21', 0);
INSERT INTO `problem_submission` VALUES (75, 2, 1, 'java', 'import java.util.HashMap;\nimport java.util.Map;\nimport java.util.Scanner;\nimport java.util.Arrays;\n\npublic class Solution {\n    \n    public static void main(String[] args) {\n        Scanner scanner = new Scanner(System.in);\n        if (!scanner.hasNextLine()) return;\n        \n        // 1. 读取第一行，比如 \"[2,7,11,15]\" 或 \"[2, 7, 11, 15]\"\n        String line = scanner.nextLine().trim();\n        \n        // 去除开头的 \"[\" 和结尾的 \"]\"\n        line = line.replace(\"[\", \"\").replace(\"]\", \"\");\n        \n        // 按逗号分割字符串\n        String[] numsStr = line.split(\",\");\n        int[] nums = new int[numsStr.length];\n        for (int i = 0; i < numsStr.length; i++) {\n            // trim() 去除数字两边可能存在的空格，然后强转\n            nums[i] = Integer.parseInt(numsStr[i].trim());\n        }\n        \n        // 2. 读取第二行目标值\n        int target = scanner.nextInt();\n        \n        // 3. 调用核心算法\n        Solution sol = new Solution();\n        int[] result = sol.twoSum(nums, target);\n        \n        // 4. 将结果转为字符串打印到控制台\n        // 去除 Arrays.toString 默认产生的空格，确保输出严格为 \"[0,1]\" 格式\n        System.out.println(Arrays.toString(result).replace(\" \", \"\"));\n    }\n\n    // 你完美的核心算法代码，一字未改\n    public int[] twoSum(int[] nums, int target) {\n        Map<Integer, Integer> map = new HashMap<>();\n        for (int i = 0; i < nums.length; i++) {\n            int complement = target - nums[i];\n            if (map.containsKey(complement)) {\n                return new int[] { map.get(complement), i };\n            }\n            map.put(nums[i], i);\n        }\n        throw new IllegalArgumentException(\"No two sum solution\");\n    }\n}\n', 1, 4167, 0.00, '2026-04-02 23:21:36', '2026-04-02 23:21:36', 0);
INSERT INTO `problem_submission` VALUES (76, 2, 1, 'java', 'import java.util.HashMap;\nimport java.util.Map;\nimport java.util.Scanner;\nimport java.util.Arrays;\n\npublic class Solution {\n    \n    public static void main(String[] args) {\n        Scanner scanner = new Scanner(System.in);\n        if (!scanner.hasNextLine()) return;\n        \n        // 1. 读取第一行，比如 \"[2,7,11,15]\" 或 \"[2, 7, 11, 15]\"\n        String line = scanner.nextLine().trim();\n        \n        // 去除开头的 \"[\" 和结尾的 \"]\"\n        line = line.replace(\"[\", \"\").replace(\"]\", \"\");\n        \n        // 按逗号分割字符串\n        String[] numsStr = line.split(\",\");\n        int[] nums = new int[numsStr.length];\n        for (int i = 0; i < numsStr.length; i++) {\n            // trim() 去除数字两边可能存在的空格，然后强转\n            nums[i] = Integer.parseInt(numsStr[i].trim());\n        }\n        \n        // 2. 读取第二行目标值\n        int target = scanner.nextInt();\n        \n        // 3. 调用核心算法\n        Solution sol = new Solution();\n        int[] result = sol.twoSum(nums, target);\n        \n        // 4. 将结果转为字符串打印到控制台\n        // 去除 Arrays.toString 默认产生的空格，确保输出严格为 \"[0,1]\" 格式\n        System.out.println(Arrays.toString(result).replace(\" \", \"\"));\n    }\n\n    // 你完美的核心算法代码，一字未改\n    public int[] twoSum(int[] nums, int target) {\n        Map<Integer, Integer> map = new HashMap<>();\n        for (int i = 0; i < nums.length; i++) {\n            int complement = target - nums[i];\n            if (map.containsKey(complement)) {\n                return new int[] { map.get(complement), i };\n            }\n            map.put(nums[i], i);\n        }\n        throw new IllegalArgumentException(\"No two sum solution\");\n    }\n}', 1, 4028, 0.00, '2026-04-02 23:39:32', '2026-04-02 23:39:32', 0);
INSERT INTO `problem_submission` VALUES (77, 2, 1, 'java', 'import java.util.HashMap;\nimport java.util.Map;\nimport java.util.Scanner;\nimport java.util.Arrays;\n\npublic class Solution {\n    \n    public static void main(String[] args) {\n        Scanner scanner = new Scanner(System.in);\n        if (!scanner.hasNextLine()) return;\n        \n        // 1. 读取第一行，比如 \"[2,7,11,15]\" 或 \"[2, 7, 11, 15]\"\n        String line = scanner.nextLine().trim();\n        \n        // 去除开头的 \"[\" 和结尾的 \"]\"\n        line = line.replace(\"[\", \"\").replace(\"]\", \"\");\n        \n        // 按逗号分割字符串\n        String[] numsStr = line.split(\",\");\n        int[] nums = new int[numsStr.length];\n        for (int i = 0; i < numsStr.length; i++) {\n            // trim() 去除数字两边可能存在的空格，然后强转\n            nums[i] = Integer.parseInt(numsStr[i].trim());\n        }\n        \n        // 2. 读取第二行目标值\n        int target = scanner.nextInt();\n        \n        // 3. 调用核心算法\n        Solution sol = new Solution();\n        int[] result = sol.twoSum(nums, target);\n        \n        // 4. 将结果转为字符串打印到控制台\n        // 去除 Arrays.toString 默认产生的空格，确保输出严格为 \"[0,1]\" 格式\n        System.out.println(Arrays.toString(result).replace(\" \", \"\"));\n    }\n\n    // 你完美的核心算法代码，一字未改\n    public int[] twoSum(int[] nums, int target) {\n        Map<Integer, Integer> map = new HashMap<>();\n        for (int i = 0; i < nums.length; i++) {\n            int complement = target - nums[i];\n            if (map.containsKey(complement)) {\n                return new int[] { map.get(complement), i };\n            }\n            map.put(nums[i], i);\n        }\n        throw new IllegalArgumentException(\"No two sum solution\");\n    }\n}\n', 1, 4857, 0.00, '2026-04-02 23:47:39', '2026-04-02 23:47:39', 0);
INSERT INTO `problem_submission` VALUES (78, 2, 1, 'java', 'import java.util.HashMap;\nimport java.util.Map;\nimport java.util.Scanner;\nimport java.util.Arrays;\n\npublic class Solution {\n    \n    public static void main(String[] args) {\n        Scanner scanner = new Scanner(System.in);\n        if (!scanner.hasNextLine()) return;\n        \n        // 1. 读取第一行，比如 \"[2,7,11,15]\" 或 \"[2, 7, 11, 15]\"\n        String line = scanner.nextLine().trim();\n        \n        // 去除开头的 \"[\" 和结尾的 \"]\"\n        line = line.replace(\"[\", \"\").replace(\"]\", \"\");\n        \n        // 按逗号分割字符串\n        String[] numsStr = line.split(\",\");\n        int[] nums = new int[numsStr.length];\n        for (int i = 0; i < numsStr.length; i++) {\n            // trim() 去除数字两边可能存在的空格，然后强转\n            nums[i] = Integer.parseInt(numsStr[i].trim());\n        }\n        \n        // 2. 读取第二行目标值\n        int target = scanner.nextInt();\n        \n        // 3. 调用核心算法\n        Solution sol = new Solution();\n        int[] result = sol.twoSum(nums, target);\n        \n        // 4. 将结果转为字符串打印到控制台\n        // 去除 Arrays.toString 默认产生的空格，确保输出严格为 \"[0,1]\" 格式\n        System.out.println(Arrays.toString(result).replace(\" \", \"\"));\n    }\n\n    // 你完美的核心算法代码，一字未改\n    public int[] twoSum(int[] nums, int target) {\n        Map<Integer, Integer> map = new HashMap<>();\n        for (int i = 0; i < nums.length; i++) {\n            int complement = target - nums[i];\n            if (map.containsKey(complement)) {\n                return new int[] { map.get(complement), i };\n            }\n            map.put(nums[i], i);\n        }\n        throw new IllegalArgumentException(\"No two sum solution\");\n    }\n}\n', 1, 5362, 0.00, '2026-04-02 23:54:14', '2026-04-02 23:54:14', 0);
INSERT INTO `problem_submission` VALUES (79, 2, 1, 'java', 'import java.util.HashMap;\nimport java.util.Map;\nimport java.util.Scanner;\nimport java.util.Arrays;\n\npublic class Solution {\n    \n    public static void main(String[] args) {\n        Scanner scanner = new Scanner(System.in);\n        if (!scanner.hasNextLine()) return;\n        \n        // 1. 读取第一行，比如 \"[2,7,11,15]\" 或 \"[2, 7, 11, 15]\"\n        String line = scanner.nextLine().trim();\n        \n        // 去除开头的 \"[\" 和结尾的 \"]\"\n        line = line.replace(\"[\", \"\").replace(\"]\", \"\");\n        \n        // 按逗号分割字符串\n        String[] numsStr = line.split(\",\");\n        int[] nums = new int[numsStr.length];\n        for (int i = 0; i < numsStr.length; i++) {\n            // trim() 去除数字两边可能存在的空格，然后强转\n            nums[i] = Integer.parseInt(numsStr[i].trim());\n        }\n        \n        // 2. 读取第二行目标值\n        int target = scanner.nextInt();\n        \n        // 3. 调用核心算法\n        Solution sol = new Solution();\n        int[] result = sol.twoSum(nums, target);\n        \n        // 4. 将结果转为字符串打印到控制台\n        // 去除 Arrays.toString 默认产生的空格，确保输出严格为 \"[0,1]\" 格式\n        System.out.println(Arrays.toString(result).replace(\" \", \"\"));\n    }\n\n    // 你完美的核心算法代码，一字未改\n    public int[] twoSum(int[] nums, int target) {\n        Map<Integer, Integer> map = new HashMap<>();\n        for (int i = 0; i < nums.length; i++) {\n            int complement = target - nums[i];\n            if (map.containsKey(complement)) {\n                return new int[] { map.get(complement), i };\n            }\n            map.put(nums[i], i);\n        }\n        throw new IllegalArgumentException(\"No two sum solution\");\n    }\n}\n', 1, 4778, 0.00, '2026-04-02 23:56:26', '2026-04-02 23:56:26', 0);
INSERT INTO `problem_submission` VALUES (80, 2, 1, 'java', 'import java.util.HashMap;\nimport java.util.Map;\nimport java.util.Scanner;\nimport java.util.Arrays;\n\npublic class Solution {\n    \n    public static void main(String[] args) {\n        Scanner scanner = new Scanner(System.in);\n        if (!scanner.hasNextLine()) return;\n        \n        // 1. 读取第一行，比如 \"[2,7,11,15]\" 或 \"[2, 7, 11, 15]\"\n        String line = scanner.nextLine().trim();\n        \n        // 去除开头的 \"[\" 和结尾的 \"]\"\n        line = line.replace(\"[\", \"\").replace(\"]\", \"\");\n        \n        // 按逗号分割字符串\n        String[] numsStr = line.split(\",\");\n        int[] nums = new int[numsStr.length];\n        for (int i = 0; i < numsStr.length; i++) {\n            // trim() 去除数字两边可能存在的空格，然后强转\n            nums[i] = Integer.parseInt(numsStr[i].trim());\n        }\n        \n        // 2. 读取第二行目标值\n        int target = scanner.nextInt();\n        \n        // 3. 调用核心算法\n        Solution sol = new Solution();\n        int[] result = sol.twoSum(nums, target);\n        \n        // 4. 将结果转为字符串打印到控制台\n        // 去除 Arrays.toString 默认产生的空格，确保输出严格为 \"[0,1]\" 格式\n        System.out.println(Arrays.toString(result).replace(\" \", \"\"));\n    }\n\n    // 你完美的核心算法代码，一字未改\n    public int[] twoSum(int[] nums, int target) {\n        Map<Integer, Integer> map = new HashMap<>();\n        for (int i = 0; i < nums.length; i++) {\n            int complement = target - nums[i];\n            if (map.containsKey(complement)) {\n                return new int[] { map.get(complement), i };\n            }\n            map.put(nums[i], i);\n        }\n        throw new IllegalArgumentException(\"No two sum solution\");\n    }\n}', 1, 4532, 0.00, '2026-04-03 00:02:03', '2026-04-03 00:02:03', 0);
INSERT INTO `problem_submission` VALUES (81, 2, 1, 'java', 'import java.util.HashMap;\nimport java.util.Map;\nimport java.util.Scanner;\nimport java.util.Arrays;\n\npublic class Solution {\n    \n    public static void main(String[] args) {\n        Scanner scanner = new Scanner(System.in);\n        if (!scanner.hasNextLine()) return;\n        \n        // 1. 读取第一行，比如 \"[2,7,11,15]\" 或 \"[2, 7, 11, 15]\"\n        String line = scanner.nextLine().trim();\n        \n        // 去除开头的 \"[\" 和结尾的 \"]\"\n        line = line.replace(\"[\", \"\").replace(\"]\", \"\");\n        \n        // 按逗号分割字符串\n        String[] numsStr = line.split(\",\");\n        int[] nums = new int[numsStr.length];\n        for (int i = 0; i < numsStr.length; i++) {\n            // trim() 去除数字两边可能存在的空格，然后强转\n            nums[i] = Integer.parseInt(numsStr[i].trim());\n        }\n        \n        // 2. 读取第二行目标值\n        int target = scanner.nextInt();\n        \n        // 3. 调用核心算法\n        Solution sol = new Solution();\n        int[] result = sol.twoSum(nums, target);\n        \n        // 4. 将结果转为字符串打印到控制台\n        // 去除 Arrays.toString 默认产生的空格，确保输出严格为 \"[0,1]\" 格式\n        System.out.println(Arrays.toString(result).replace(\" \", \"\"));\n    }\n\n    // 你完美的核心算法代码，一字未改\n    public int[] twoSum(int[] nums, int target) {\n        Map<Integer, Integer> map = new HashMap<>();\n        for (int i = 0; i < nums.length; i++) {\n            int complement = target - nums[i];\n            if (map.containsKey(complement)) {\n                return new int[] { map.get(complement), i };\n            }\n            map.put(nums[i], i);\n        }\n        throw new IllegalArgumentException(\"No two sum solution\");\n    }\n}', 1, 4280, 0.00, '2026-04-03 00:10:22', '2026-04-03 00:10:22', 0);
INSERT INTO `problem_submission` VALUES (82, 2, 1, 'java', 'import java.util.HashMap;\nimport java.util.Map;\nimport java.util.Scanner;\nimport java.util.Arrays;\n\npublic class Solution {\n    \n    public static void main(String[] args) {\n        Scanner scanner = new Scanner(System.in);\n        if (!scanner.hasNextLine()) return;\n        \n        // 1. 读取第一行，比如 \"[2,7,11,15]\" 或 \"[2, 7, 11, 15]\"\n        String line = scanner.nextLine().trim();\n        \n        // 去除开头的 \"[\" 和结尾的 \"]\"\n        line = line.replace(\"[\", \"\").replace(\"]\", \"\");\n        \n        // 按逗号分割字符串\n        String[] numsStr = line.split(\",\");\n        int[] nums = new int[numsStr.length];\n        for (int i = 0; i < numsStr.length; i++) {\n            // trim() 去除数字两边可能存在的空格，然后强转\n            nums[i] = Integer.parseInt(numsStr[i].trim());\n        }\n        \n        // 2. 读取第二行目标值\n        int target = scanner.nextInt();\n        \n        // 3. 调用核心算法\n        Solution sol = new Solution();\n        int[] result = sol.twoSum(nums, target);\n        \n        // 4. 将结果转为字符串打印到控制台\n        // 去除 Arrays.toString 默认产生的空格，确保输出严格为 \"[0,1]\" 格式\n        System.out.println(Arrays.toString(result).replace(\" \", \"\"));\n    }\n\n    // 你完美的核心算法代码，一字未改\n    public int[] twoSum(int[] nums, int target) {\n        Map<Integer, Integer> map = new HashMap<>();\n        for (int i = 0; i < nums.length; i++) {\n            int complement = target - nums[i];\n            if (map.containsKey(complement)) {\n                return new int[] { map.get(complement), i };\n            }\n            map.put(nums[i], i);\n        }\n        throw new IllegalArgumentException(\"No two sum solution\");\n    }\n}', 1, 4489, 0.00, '2026-04-03 00:22:44', '2026-04-03 00:22:44', 0);
INSERT INTO `problem_submission` VALUES (83, 2, 1, 'java', 'import java.util.HashMap;\nimport java.util.Map;\nimport java.util.Scanner;\nimport java.util.Arrays;\n\npublic class Solution {\n    \n    public static void main(String[] args) {\n        Scanner scanner = new Scanner(System.in);\n        if (!scanner.hasNextLine()) return;\n        \n        // 1. 读取第一行，比如 \"[2,7,11,15]\" 或 \"[2, 7, 11, 15]\"\n        String line = scanner.nextLine().trim();\n        \n        // 去除开头的 \"[\" 和结尾的 \"]\"\n        line = line.replace(\"[\", \"\").replace(\"]\", \"\");\n        \n        // 按逗号分割字符串\n        String[] numsStr = line.split(\",\");\n        int[] nums = new int[numsStr.length];\n        for (int i = 0; i < numsStr.length; i++) {\n            // trim() 去除数字两边可能存在的空格，然后强转\n            nums[i] = Integer.parseInt(numsStr[i].trim());\n        }\n        \n        // 2. 读取第二行目标值\n        int target = scanner.nextInt();\n        \n        // 3. 调用核心算法\n        Solution sol = new Solution();\n        int[] result = sol.twoSum(nums, target);\n        \n        // 4. 将结果转为字符串打印到控制台\n        // 去除 Arrays.toString 默认产生的空格，确保输出严格为 \"[0,1]\" 格式\n        System.out.println(Arrays.toString(result).replace(\" \", \"\"));\n    }\n\n    // 你完美的核心算法代码，一字未改\n    public int[] twoSum(int[] nums, int target) {\n        Map<Integer, Integer> map = new HashMap<>();\n        for (int i = 0; i < nums.length; i++) {\n            int complement = target - nums[i];\n            if (map.containsKey(complement)) {\n                return new int[] { map.get(complement), i };\n            }\n            map.put(nums[i], i);\n        }\n        throw new IllegalArgumentException(\"No two sum solution\");\n    }\n}', 1, 4340, 0.00, '2026-04-03 00:23:54', '2026-04-03 00:23:54', 0);
INSERT INTO `problem_submission` VALUES (84, 2, 1, 'java', 'import java.util.HashMap;\nimport java.util.Map;\nimport java.util.Scanner;\nimport java.util.Arrays;\n\npublic class Solution {\n    \n    public static void main(String[] args) {\n        Scanner scanner = new Scanner(System.in);\n        if (!scanner.hasNextLine()) return;\n        \n        // 1. 读取第一行，比如 \"[2,7,11,15]\" 或 \"[2, 7, 11, 15]\"\n        String line = scanner.nextLine().trim();\n        \n        // 去除开头的 \"[\" 和结尾的 \"]\"\n        line = line.replace(\"[\", \"\").replace(\"]\", \"\");\n        \n        // 按逗号分割字符串\n        String[] numsStr = line.split(\",\");\n        int[] nums = new int[numsStr.length];\n        for (int i = 0; i < numsStr.length; i++) {\n            // trim() 去除数字两边可能存在的空格，然后强转\n            nums[i] = Integer.parseInt(numsStr[i].trim());\n        }\n        \n        // 2. 读取第二行目标值\n        int target = scanner.nextInt();\n        \n        // 3. 调用核心算法\n        Solution sol = new Solution();\n        int[] result = sol.twoSum(nums, target);\n        \n        // 4. 将结果转为字符串打印到控制台\n        // 去除 Arrays.toString 默认产生的空格，确保输出严格为 \"[0,1]\" 格式\n        System.out.println(Arrays.toString(result).replace(\" \", \"\"));\n    }\n\n    // 你完美的核心算法代码，一字未改\n    public int[] twoSum(int[] nums, int target) {\n        Map<Integer, Integer> map = new HashMap<>();\n        for (int i = 0; i < nums.length; i++) {\n            int complement = target - nums[i];\n            if (map.containsKey(complement)) {\n                return new int[] { map.get(complement), i };\n            }\n            map.put(nums[i], i);\n        }\n        throw new IllegalArgumentException(\"No two sum solution\");\n    }\n}', 1, 4144, 0.00, '2026-04-03 00:27:19', '2026-04-03 00:27:19', 0);
INSERT INTO `problem_submission` VALUES (85, 2, 1, 'java', 'import java.util.HashMap;\nimport java.util.Map;\nimport java.util.Scanner;\nimport java.util.Arrays;\n\npublic class Solution {\n    \n    public static void main(String[] args) {\n        Scanner scanner = new Scanner(System.in);\n        if (!scanner.hasNextLine()) return;\n        \n        // 1. 读取第一行，比如 \"[2,7,11,15]\" 或 \"[2, 7, 11, 15]\"\n        String line = scanner.nextLine().trim();\n        \n        // 去除开头的 \"[\" 和结尾的 \"]\"\n        line = line.replace(\"[\", \"\").replace(\"]\", \"\");\n        \n        // 按逗号分割字符串\n        String[] numsStr = line.split(\",\");\n        int[] nums = new int[numsStr.length];\n        for (int i = 0; i < numsStr.length; i++) {\n            // trim() 去除数字两边可能存在的空格，然后强转\n            nums[i] = Integer.parseInt(numsStr[i].trim());\n        }\n        \n        // 2. 读取第二行目标值\n        int target = scanner.nextInt();\n        \n        // 3. 调用核心算法\n        Solution sol = new Solution();\n        int[] result = sol.twoSum(nums, target);\n        \n        // 4. 将结果转为字符串打印到控制台\n        // 去除 Arrays.toString 默认产生的空格，确保输出严格为 \"[0,1]\" 格式\n        System.out.println(Arrays.toString(result).replace(\" \", \"\"));\n    }\n\n    // 你完美的核心算法代码，一字未改\n    public int[] twoSum(int[] nums, int target) {\n        Map<Integer, Integer> map = new HashMap<>();\n        for (int i = 0; i < nums.length; i++) {\n            int complement = target - nums[i];\n            if (map.containsKey(complement)) {\n                return new int[] { map.get(complement), i };\n            }\n            map.put(nums[i], i);\n        }\n        throw new IllegalArgumentException(\"No two sum solution\");\n    }\n}\n', 1, 4292, 0.00, '2026-04-03 00:28:12', '2026-04-03 00:28:12', 0);
INSERT INTO `problem_submission` VALUES (86, 2, 1, 'java', 'import java.util.HashMap;\nimport java.util.Map;\nimport java.util.Scanner;\nimport java.util.Arrays;\n\npublic class Solution {\n    \n    public static void main(String[] args) {\n        Scanner scanner = new Scanner(System.in);\n        if (!scanner.hasNextLine()) return;\n        \n        // 1. 读取第一行，比如 \"[2,7,11,15]\" 或 \"[2, 7, 11, 15]\"\n        String line = scanner.nextLine().trim();\n        \n        // 去除开头的 \"[\" 和结尾的 \"]\"\n        line = line.replace(\"[\", \"\").replace(\"]\", \"\");\n        \n        // 按逗号分割字符串\n        String[] numsStr = line.split(\",\");\n        int[] nums = new int[numsStr.length];\n        for (int i = 0; i < numsStr.length; i++) {\n            // trim() 去除数字两边可能存在的空格，然后强转\n            nums[i] = Integer.parseInt(numsStr[i].trim());\n        }\n        \n        // 2. 读取第二行目标值\n        int target = scanner.nextInt();\n        \n        // 3. 调用核心算法\n        Solution sol = new Solution();\n        int[] result = sol.twoSum(nums, target);\n        \n        // 4. 将结果转为字符串打印到控制台\n        // 去除 Arrays.toString 默认产生的空格，确保输出严格为 \"[0,1]\" 格式\n        System.out.println(Arrays.toString(result).replace(\" \", \"\"));\n    }\n\n    // 你完美的核心算法代码，一字未改\n    public int[] twoSum(int[] nums, int target) {\n        Map<Integer, Integer> map = new HashMap<>();\n        for (int i = 0; i < nums.length; i++) {\n            int complement = target - nums[i];\n            if (map.containsKey(complement)) {\n                return new int[] { map.get(complement), i };\n            }\n            map.put(nums[i], i);\n        }\n        throw new IllegalArgumentException(\"No two sum solution\");\n    }\n}\n', 1, 4491, 0.00, '2026-04-03 00:33:37', '2026-04-03 00:33:37', 0);
INSERT INTO `problem_submission` VALUES (87, 3, 1, 'java', 'import java.util.HashMap;\nimport java.util.Map;\nimport java.util.Scanner;\nimport java.util.Arrays;\n\npublic class Solution {\n    \n    public static void main(String[] args) {\n        Scanner scanner = new Scanner(System.in);\n        if (!scanner.hasNextLine()) return;\n        \n        // 1. 读取第一行，比如 \"[2,7,11,15]\" 或 \"[2, 7, 11, 15]\"\n        String line = scanner.nextLine().trim();\n        \n        // 去除开头的 \"[\" 和结尾的 \"]\"\n        line = line.replace(\"[\", \"\").replace(\"]\", \"\");\n        \n        // 按逗号分割字符串\n        String[] numsStr = line.split(\",\");\n        int[] nums = new int[numsStr.length];\n        for (int i = 0; i < numsStr.length; i++) {\n            // trim() 去除数字两边可能存在的空格，然后强转\n            nums[i] = Integer.parseInt(numsStr[i].trim());\n        }\n        \n        // 2. 读取第二行目标值\n        int target = scanner.nextInt();\n        \n        // 3. 调用核心算法\n        Solution sol = new Solution();\n        int[] result = sol.twoSum(nums, target);\n        \n        // 4. 将结果转为字符串打印到控制台\n        // 去除 Arrays.toString 默认产生的空格，确保输出严格为 \"[0,1]\" 格式\n        System.out.println(Arrays.toString(result).replace(\" \", \"\"));\n    }\n\n    // 你完美的核心算法代码，一字未改\n    public int[] twoSum(int[] nums, int target) {\n        Map<Integer, Integer> map = new HashMap<>();\n        for (int i = 0; i < nums.length; i++) {\n            int complement = target - nums[i];\n            if (map.containsKey(complement)) {\n                return new int[] { map.get(complement), i };\n            }\n            map.put(nums[i], i);\n        }\n        throw new IllegalArgumentException(\"No two sum solution\");\n    }\n}', 1, 3742, 0.00, '2026-04-03 00:46:41', '2026-04-03 00:46:41', 0);
INSERT INTO `problem_submission` VALUES (88, 3, 1, 'java', 'import java.util.HashMap;\nimport java.util.Map;\nimport java.util.Scanner;\nimport java.util.Arrays;\n\npublic class Solution {\n    \n    public static void main(String[] args) {\n        Scanner scanner = new Scanner(System.in);\n        if (!scanner.hasNextLine()) return;\n        \n        // 1. 读取第一行，比如 \"[2,7,11,15]\" 或 \"[2, 7, 11, 15]\"\n        String line = scanner.nextLine().trim();\n        \n        // 去除开头的 \"[\" 和结尾的 \"]\"\n        line = line.replace(\"[\", \"\").replace(\"]\", \"\");\n        \n        // 按逗号分割字符串\n        String[] numsStr = line.split(\",\");\n        int[] nums = new int[numsStr.length];\n        for (int i = 0; i < numsStr.length; i++) {\n            // trim() 去除数字两边可能存在的空格，然后强转\n            nums[i] = Integer.parseInt(numsStr[i].trim());\n        }\n        \n        // 2. 读取第二行目标值\n        int target = scanner.nextInt();\n        \n        // 3. 调用核心算法\n        Solution sol = new Solution();\n        int[] result = sol.twoSum(nums, target);\n        \n        // 4. 将结果转为字符串打印到控制台\n        // 去除 Arrays.toString 默认产生的空格，确保输出严格为 \"[0,1]\" 格式\n        System.out.println(Arrays.toString(result).replace(\" \", \"\"));\n    }\n\n    // 你完美的核心算法代码，一字未改\n    public int[] twoSum(int[] nums, int target) {\n        Map<Integer, Integer> map = new HashMap<>();\n        for (int i = 0; i < nums.length; i++) {\n            int complement = target - nums[i];\n            if (map.containsKey(complement)) {\n                return new int[] { map.get(complement), i };\n            }\n            map.put(nums[i], i);\n        }\n        throw new IllegalArgumentException(\"No two sum solution\");\n    }\n}', 1, 3726, 0.00, '2026-04-03 00:48:12', '2026-04-03 00:48:12', 0);
INSERT INTO `problem_submission` VALUES (89, 2, 1, 'java', 'import java.util.HashMap;\nimport java.util.Map;\nimport java.util.Scanner;\nimport java.util.Arrays;\n\npublic class Solution {\n    \n    public static void main(String[] args) {\n        Scanner scanner = new Scanner(System.in);\n        if (!scanner.hasNextLine()) return;\n        \n        // 1. 读取第一行，比如 \"[2,7,11,15]\" 或 \"[2, 7, 11, 15]\"\n        String line = scanner.nextLine().trim();\n        \n        // 去除开头的 \"[\" 和结尾的 \"]\"\n        line = line.replace(\"[\", \"\").replace(\"]\", \"\");\n        \n        // 按逗号分割字符串\n        String[] numsStr = line.split(\",\");\n        int[] nums = new int[numsStr.length];\n        for (int i = 0; i < numsStr.length; i++) {\n            // trim() 去除数字两边可能存在的空格，然后强转\n            nums[i] = Integer.parseInt(numsStr[i].trim());\n        }\n        \n        // 2. 读取第二行目标值\n        int target = scanner.nextInt();\n        \n        // 3. 调用核心算法\n        Solution sol = new Solution();\n        int[] result = sol.twoSum(nums, target);\n        \n        // 4. 将结果转为字符串打印到控制台\n        // 去除 Arrays.toString 默认产生的空格，确保输出严格为 \"[0,1]\" 格式\n        System.out.println(Arrays.toString(result).replace(\" \", \"\"));\n    }\n\n    // 你完美的核心算法代码，一字未改\n    public int[] twoSum(int[] nums, int target) {\n        Map<Integer, Integer> map = new HashMap<>();\n        for (int i = 0; i < nums.length; i++) {\n            int complement = target - nums[i];\n            if (map.containsKey(complement)) {\n                return new int[] { map.get(complement), i };\n            }\n            map.put(nums[i], i);\n        }\n        throw new IllegalArgumentException(\"No two sum solution\");\n    }\n}', 1, 3774, 0.00, '2026-04-03 00:55:41', '2026-04-03 00:55:41', 0);
INSERT INTO `problem_submission` VALUES (90, 2, 1, 'java', 'import java.util.HashMap;\nimport java.util.Map;\nimport java.util.Scanner;\nimport java.util.Arrays;\n\npublic class Solution {\n    \n    public static void main(String[] args) {\n        Scanner scanner = new Scanner(System.in);\n        if (!scanner.hasNextLine()) return;\n        \n        // 1. 读取第一行，比如 \"[2,7,11,15]\" 或 \"[2, 7, 11, 15]\"\n        String line = scanner.nextLine().trim();\n        \n        // 去除开头的 \"[\" 和结尾的 \"]\"\n        line = line.replace(\"[\", \"\").replace(\"]\", \"\");\n        \n        // 按逗号分割字符串\n        String[] numsStr = line.split(\",\");\n        int[] nums = new int[numsStr.length];\n        for (int i = 0; i < numsStr.length; i++) {\n            // trim() 去除数字两边可能存在的空格，然后强转\n            nums[i] = Integer.parseInt(numsStr[i].trim());\n        }\n        \n        // 2. 读取第二行目标值\n        int target = scanner.nextInt();\n        \n        // 3. 调用核心算法\n        Solution sol = new Solution();\n        int[] result = sol.twoSum(nums, target);\n        \n        // 4. 将结果转为字符串打印到控制台\n        // 去除 Arrays.toString 默认产生的空格，确保输出严格为 \"[0,1]\" 格式\n        System.out.println(Arrays.toString(result).replace(\" \", \"\"));\n    }\n\n    // 你完美的核心算法代码，一字未改\n    public int[] twoSum(int[] nums, int target) {\n        Map<Integer, Integer> map = new HashMap<>();\n        for (int i = 0; i < nums.length; i++) {\n            int complement = target - nums[i];\n            if (map.containsKey(complement)) {\n                return new int[] { map.get(complement), i };\n            }\n            map.put(nums[i], i);\n        }\n        throw new IllegalArgumentException(\"No two sum solution\");\n    }\n}', 1, 3646, 0.00, '2026-04-03 04:50:16', '2026-04-03 04:50:16', 0);
INSERT INTO `problem_submission` VALUES (91, 2, 1, 'java', 'import java.util.HashMap;\nimport java.util.Map;\nimport java.util.Scanner;\nimport java.util.Arrays;\n\npublic class Solution {\n    \n    public static void main(String[] args) {\n        Scanner scanner = new Scanner(System.in);\n        if (!scanner.hasNextLine()) return;\n        \n        // 1. 读取第一行，比如 \"[2,7,11,15]\" 或 \"[2, 7, 11, 15]\"\n        String line = scanner.nextLine().trim();\n        \n        // 去除开头的 \"[\" 和结尾的 \"]\"\n        line = line.replace(\"[\", \"\").replace(\"]\", \"\");\n        \n        // 按逗号分割字符串\n        String[] numsStr = line.split(\",\");\n        int[] nums = new int[numsStr.length];\n        for (int i = 0; i < numsStr.length; i++) {\n            // trim() 去除数字两边可能存在的空格，然后强转\n            nums[i] = Integer.parseInt(numsStr[i].trim());\n        }\n        \n        // 2. 读取第二行目标值\n        int target = scanner.nextInt();\n        \n        // 3. 调用核心算法\n        Solution sol = new Solution();\n        int[] result = sol.twoSum(nums, target);\n        \n        // 4. 将结果转为字符串打印到控制台\n        // 去除 Arrays.toString 默认产生的空格，确保输出严格为 \"[0,1]\" 格式\n        System.out.println(Arrays.toString(result).replace(\" \", \"\"));\n    }\n\n    // 你完美的核心算法代码，一字未改\n    public int[] twoSum(int[] nums, int target) {\n        Map<Integer, Integer> map = new HashMap<>();\n        for (int i = 0; i < nums.length; i++) {\n            int complement = target - nums[i];\n            if (map.containsKey(complement)) {\n                return new int[] { map.get(complement), i };\n            }\n            map.put(nums[i], i);\n        }\n        throw new IllegalArgumentException(\"No two sum solution\");\n    }\n}', 1, 3671, 0.00, '2026-04-03 04:58:20', '2026-04-03 04:58:20', 0);
INSERT INTO `problem_submission` VALUES (92, 2, 1, 'java', 'import java.util.HashMap;\nimport java.util.Map;\nimport java.util.Scanner;\nimport java.util.Arrays;\n\npublic class Solution {\n    \n    public static void main(String[] args) {\n        Scanner scanner = new Scanner(System.in);\n        if (!scanner.hasNextLine()) return;\n        \n        // 1. 读取第一行，比如 \"[2,7,11,15]\" 或 \"[2, 7, 11, 15]\"\n        String line = scanner.nextLine().trim();\n        \n        // 去除开头的 \"[\" 和结尾的 \"]\"\n        line = line.replace(\"[\", \"\").replace(\"]\", \"\");\n        \n        // 按逗号分割字符串\n        String[] numsStr = line.split(\",\");\n        int[] nums = new int[numsStr.length];\n        for (int i = 0; i < numsStr.length; i++) {\n            // trim() 去除数字两边可能存在的空格，然后强转\n            nums[i] = Integer.parseInt(numsStr[i].trim());\n        }\n        \n        // 2. 读取第二行目标值\n        int target = scanner.nextInt();\n        \n        // 3. 调用核心算法\n        Solution sol = new Solution();\n        int[] result = sol.twoSum(nums, target);\n        \n        // 4. 将结果转为字符串打印到控制台\n        // 去除 Arrays.toString 默认产生的空格，确保输出严格为 \"[0,1]\" 格式\n        System.out.println(Arrays.toString(result).replace(\" \", \"\"));\n    }\n\n    // 你完美的核心算法代码，一字未改\n    public int[] twoSum(int[] nums, int target) {\n        Map<Integer, Integer> map = new HashMap<>();\n        for (int i = 0; i < nums.length; i++) {\n            int complement = target - nums[i];\n            if (map.containsKey(complement)) {\n                return new int[] { map.get(complement), i };\n            }\n            map.put(nums[i], i);\n        }\n        throw new IllegalArgumentException(\"No two sum solution\");\n    }\n}', 1, 3656, 0.00, '2026-04-03 05:17:23', '2026-04-03 05:17:23', 0);
INSERT INTO `problem_submission` VALUES (93, 2, 1, 'java', 'import java.util.HashMap;\nimport java.util.Map;\nimport java.util.Scanner;\nimport java.util.Arrays;\n\npublic class Solution {\n    \n    public static void main(String[] args) {\n        Scanner scanner = new Scanner(System.in);\n        if (!scanner.hasNextLine()) return;\n        \n        // 1. 读取第一行，比如 \"[2,7,11,15]\" 或 \"[2, 7, 11, 15]\"\n        String line = scanner.nextLine().trim();\n        \n        // 去除开头的 \"[\" 和结尾的 \"]\"\n        line = line.replace(\"[\", \"\").replace(\"]\", \"\");\n        \n        // 按逗号分割字符串\n        String[] numsStr = line.split(\",\");\n        int[] nums = new int[numsStr.length];\n        for (int i = 0; i < numsStr.length; i++) {\n            // trim() 去除数字两边可能存在的空格，然后强转\n            nums[i] = Integer.parseInt(numsStr[i].trim());\n        }\n        \n        // 2. 读取第二行目标值\n        int target = scanner.nextInt();\n        \n        // 3. 调用核心算法\n        Solution sol = new Solution();\n        int[] result = sol.twoSum(nums, target);\n        \n        // 4. 将结果转为字符串打印到控制台\n        // 去除 Arrays.toString 默认产生的空格，确保输出严格为 \"[0,1]\" 格式\n        System.out.println(Arrays.toString(result).replace(\" \", \"\"));\n    }\n\n    // 你完美的核心算法代码，一字未改\n    public int[] twoSum(int[] nums, int target) {\n        Map<Integer, Integer> map = new HashMap<>();\n        for (int i = 0; i < nums.length; i++) {\n            int complement = target - nums[i];\n            if (map.containsKey(complement)) {\n                return new int[] { map.get(complement), i };\n            }\n            map.put(nums[i], i);\n        }\n        throw new IllegalArgumentException(\"No two sum solution\");\n    }\n}', 1, 3654, 0.00, '2026-04-03 05:26:29', '2026-04-03 05:26:29', 0);
INSERT INTO `problem_submission` VALUES (94, 2, 1, 'java', 'public class Solution {\n    public void solve() {\n        \n    }\n}', 5, 1026, 0.00, '2026-04-03 05:48:54', '2026-04-03 05:48:54', 0);
INSERT INTO `problem_submission` VALUES (95, 3, 1, 'java', 'import java.util.HashMap;\nimport java.util.Map;\nimport java.util.Scanner;\nimport java.util.Arrays;\n\npublic class Solution {\n    \n    public static void main(String[] args) {\n        Scanner scanner = new Scanner(System.in);\n        if (!scanner.hasNextLine()) return;\n        \n        // 1. 读取第一行，比如 \"[2,7,11,15]\" 或 \"[2, 7, 11, 15]\"\n        String line = scanner.nextLine().trim();\n        \n        // 去除开头的 \"[\" 和结尾的 \"]\"\n        line = line.replace(\"[\", \"\").replace(\"]\", \"\");\n        \n        // 按逗号分割字符串\n        String[] numsStr = line.split(\",\");\n        int[] nums = new int[numsStr.length];\n        for (int i = 0; i < numsStr.length; i++) {\n            // trim() 去除数字两边可能存在的空格，然后强转\n            nums[i] = Integer.parseInt(numsStr[i].trim());\n        }\n        \n        // 2. 读取第二行目标值\n        int target = scanner.nextInt();\n        \n        // 3. 调用核心算法\n        Solution sol = new Solution();\n        int[] result = sol.twoSum(nums, target);\n        \n        // 4. 将结果转为字符串打印到控制台\n        // 去除 Arrays.toString 默认产生的空格，确保输出严格为 \"[0,1]\" 格式\n        System.out.println(Arrays.toString(result).replace(\" \", \"\"));\n    }\n\n    // 你完美的核心算法代码，一字未改\n    public int[] twoSum(int[] nums, int target) {\n        Map<Integer, Integer> map = new HashMap<>();\n        for (int i = 0; i < nums.length; i++) {\n            int complement = target - nums[i];\n            if (map.containsKey(complement)) {\n                return new int[] { map.get(complement), i };\n            }\n            map.put(nums[i], i);\n        }\n        throw new IllegalArgumentException(\"No two sum solution\");\n    }\n}', 1, 3399, 0.00, '2026-04-03 06:27:13', '2026-04-03 06:27:13', 0);
INSERT INTO `problem_submission` VALUES (96, 3, 1, 'java', 'import java.util.HashMap;\nimport java.util.Map;\nimport java.util.Scanner;\nimport java.util.Arrays;\n\npublic class Solution {\n    \n    public static void main(String[] args) {\n        Scanner scanner = new Scanner(System.in);\n        if (!scanner.hasNextLine()) return;\n        \n        // 1. 读取第一行，比如 \"[2,7,11,15]\" 或 \"[2, 7, 11, 15]\"\n        String line = scanner.nextLine().trim();\n        \n        // 去除开头的 \"[\" 和结尾的 \"]\"\n        line = line.replace(\"[\", \"\").replace(\"]\", \"\");\n        \n        // 按逗号分割字符串\n        String[] numsStr = line.split(\",\");\n        int[] nums = new int[numsStr.length];\n        for (int i = 0; i < numsStr.length; i++) {\n            // trim() 去除数字两边可能存在的空格，然后强转\n            nums[i] = Integer.parseInt(numsStr[i].trim());\n        }\n        \n        // 2. 读取第二行目标值\n        int target = scanner.nextInt();\n        \n        // 3. 调用核心算法\n        Solution sol = new Solution();\n        int[] result = sol.twoSum(nums, target);\n        \n        // 4. 将结果转为字符串打印到控制台\n        // 去除 Arrays.toString 默认产生的空格，确保输出严格为 \"[0,1]\" 格式\n        System.out.println(Arrays.toString(result).replace(\" \", \"\"));\n    }\n\n    // 你完美的核心算法代码，一字未改\n    public int[] twoSum(int[] nums, int target) {\n        Map<Integer, Integer> map = new HashMap<>();\n        for (int i = 0; i < nums.length; i++) {\n            int complement = target - nums[i];\n            if (map.containsKey(complement)) {\n                return new int[] { map.get(complement), i };\n            }\n            map.put(nums[i], i);\n        }\n        throw new IllegalArgumentException(\"No two sum solution\");\n    }\n}', 1, 3711, 0.00, '2026-04-03 06:35:53', '2026-04-03 06:35:53', 0);
INSERT INTO `problem_submission` VALUES (97, 3, 1, 'java', 'import java.util.HashMap;\nimport java.util.Map;\nimport java.util.Scanner;\nimport java.util.Arrays;\n\npublic class Solution {\n    \n    public static void main(String[] args) {\n        Scanner scanner = new Scanner(System.in);\n        if (!scanner.hasNextLine()) return;\n        \n        // 1. 读取第一行，比如 \"[2,7,11,15]\" 或 \"[2, 7, 11, 15]\"\n        String line = scanner.nextLine().trim();\n        \n        // 去除开头的 \"[\" 和结尾的 \"]\"\n        line = line.replace(\"[\", \"\").replace(\"]\", \"\");\n        \n        // 按逗号分割字符串\n        String[] numsStr = line.split(\",\");\n        int[] nums = new int[numsStr.length];\n        for (int i = 0; i < numsStr.length; i++) {\n            // trim() 去除数字两边可能存在的空格，然后强转\n            nums[i] = Integer.parseInt(numsStr[i].trim());\n        }\n        \n        // 2. 读取第二行目标值\n        int target = scanner.nextInt();\n        \n        // 3. 调用核心算法\n        Solution sol = new Solution();\n        int[] result = sol.twoSum(nums, target);\n        \n        // 4. 将结果转为字符串打印到控制台\n        // 去除 Arrays.toString 默认产生的空格，确保输出严格为 \"[0,1]\" 格式\n        System.out.println(Arrays.toString(result).replace(\" \", \"\"));\n    }\n\n    // 你完美的核心算法代码，一字未改\n    public int[] twoSum(int[] nums, int target) {\n        Map<Integer, Integer> map = new HashMap<>();\n        for (int i = 0; i < nums.length; i++) {\n            int complement = target - nums[i];\n            if (map.containsKey(complement)) {\n                return new int[] { map.get(complement), i };\n            }\n            map.put(nums[i], i);\n        }\n        throw new IllegalArgumentException(\"No two sum solution\");\n    }\n}', 1, 3918, 0.00, '2026-04-03 06:48:18', '2026-04-03 06:48:18', 0);
INSERT INTO `problem_submission` VALUES (98, 3, 20, 'java', 'public class Solution {\n    public void solve() {\n        \n    }\n}', 5, 1008, 0.00, '2026-04-03 08:25:06', '2026-04-03 08:25:06', 0);
INSERT INTO `problem_submission` VALUES (99, 2, 20, 'java', 'public class Solution {\n    public void solve() {\n        \n    }\n}', 5, 1079, 0.00, '2026-04-03 08:25:13', '2026-04-03 08:25:13', 0);
INSERT INTO `problem_submission` VALUES (100, 2, 19, 'java', 'public class Solution {\n    public void solve() {\n        \n    }\n}', 5, 1474, 0.00, '2026-04-03 09:41:55', '2026-04-03 09:41:55', 0);
INSERT INTO `problem_submission` VALUES (101, 2, 19, 'java', 'import java.util.HashMap;\nimport java.util.Map;\nimport java.util.Scanner;\nimport java.util.Arrays;\n\npublic class Solution {\n    \n    public static void main(String[] args) {\n       \n    }\n\n    // 你完美的核心算法代码，一字未改\n    public int[] twoSum(int[] nums, int target) {\n        \n    }\n}', 5, 1078, 0.00, '2026-04-03 09:43:28', '2026-04-03 09:43:28', 0);
INSERT INTO `problem_submission` VALUES (102, 3, 18, 'java', 'public class Solution {\n    public void solve() {\n        \n    }\n}', 5, 1089, 0.00, '2026-04-03 10:40:59', '2026-04-03 10:40:59', 0);
INSERT INTO `problem_submission` VALUES (103, 3, 20, 'java', 'import java.util.*;\nimport java.io.*;\n\npublic class Solution {\n\n    /**\n     * 核心算法逻辑写在这里\n     * 采用回溯算法解决 N 皇后问题，并通过布尔数组实现 O(1) 复杂度的剪枝。\n     * * @param n 棋盘大小及皇后数量\n     * @return 所有合法的棋盘放置方案\n     */\n    public List<List<String>> solve(int n) {\n        List<List<String>> results = new ArrayList<>();\n        // 边界处理\n        if (n <= 0) return results;\n\n        // queens[i] 记录第 i 行放置的皇后的列索引\n        int[] queens = new int[n];\n        Arrays.fill(queens, -1);\n\n        // 冲突检测辅助数组 (空间换时间)\n        boolean[] columns = new boolean[n];\n        boolean[] diagonals1 = new boolean[2 * n - 1]; // 主对角线 (row - col + n - 1)\n        boolean[] diagonals2 = new boolean[2 * n - 1]; // 副对角线 (row + col)\n\n        backtrack(results, queens, n, 0, columns, diagonals1, diagonals2);\n        return results;\n    }\n\n    /**\n     * 深度优先搜索（DFS）回溯主体\n     */\n    private void backtrack(List<List<String>> results, int[] queens, int n, int row, \n                           boolean[] columns, boolean[] diagonals1, boolean[] diagonals2) {\n        // Base Case: 如果成功遍历到了第 n 行，说明所有皇后放置完毕\n        if (row == n) {\n            results.add(generateBoard(queens, n));\n            return;\n        }\n\n        // 遍历当前行的每一列，尝试放置皇后\n        for (int col = 0; col < n; col++) {\n            int diag1Index = row - col + n - 1;\n            int diag2Index = row + col;\n\n            // 剪枝: 如果当前列或两个对角线方向已经被占据，跳过\n            if (columns[col] || diagonals1[diag1Index] || diagonals2[diag2Index]) {\n                continue;\n            }\n\n            // 做选择 (Make Choice): 放置皇后，更新占用状态\n            queens[row] = col;\n            columns[col] = true;\n            diagonals1[diag1Index] = true;\n            diagonals2[diag2Index] = true;\n\n            // 递归进入下一行\n            backtrack(results, queens, n, row + 1, columns, diagonals1, diagonals2);\n\n            // 撤销选择 (Undo Choice/Backtrack): 恢复原始状态\n            queens[row] = -1;\n            columns[col] = false;\n            diagonals1[diag1Index] = false;\n            diagonals2[diag2Index] = false;\n        }\n    }\n\n    /**\n     * 根据皇后的列索引数组，生成符合题目要求的棋盘快照\n     */\n    private List<String> generateBoard(int[] queens, int n) {\n        List<String> board = new ArrayList<>();\n        for (int i = 0; i < n; i++) {\n            char[] row = new char[n];\n            Arrays.fill(row, \'.\');\n            row[queens[i]] = \'Q\';\n            board.add(new String(row));\n        }\n        return board;\n    }\n\n    /**\n     * 辅助方法：将结果严格格式化为带有双引号的 JSON 风格字符串\n     * 以匹配 Example 1 的输出：[[\".Q..\",\"...Q\",\"Q...\",\"..Q.\"], ...]\n     */\n    private static String formatResult(List<List<String>> results) {\n        StringBuilder sb = new StringBuilder();\n        sb.append(\"[\");\n        for (int i = 0; i < results.size(); i++) {\n            sb.append(\"[\");\n            List<String> board = results.get(i);\n            for (int j = 0; j < board.size(); j++) {\n                sb.append(\"\\\"\").append(board.get(j)).append(\"\\\"\");\n                if (j < board.size() - 1) {\n                    sb.append(\",\");\n                }\n            }\n            sb.append(\"]\");\n            if (i < results.size() - 1) {\n                sb.append(\",\");\n            }\n        }\n        sb.append(\"]\");\n        return sb.toString();\n    }\n\n    /**\n     * CodeNexus ACM 模式程序入口\n     * 请在此处解析标准输入 (Standard Input) 并打印标准输出 (Standard Output)\n     */\n    public static void main(String[] args) {\n        Scanner scanner = new Scanner(System.in);\n        \n        try {\n            if (scanner.hasNextInt()) {\n                // 1. 读取并解析输入数据\n                int n = scanner.nextInt();\n                \n                // 边界异常检测\n                if (n < 1) {\n                    System.out.println(\"[]\");\n                    return;\n                }\n\n                // 2. 实例化并调用核心算法\n                Solution sol = new Solution();\n                List<List<String>> result = sol.solve(n);\n                \n                // 3. 按照题目要求的格式打印输出\n                System.out.println(formatResult(result));\n            }\n        } catch (InputMismatchException e) {\n            // 严谨的错误处理，防止非法输入导致程序崩溃\n            System.err.println(\"Input format error: Please provide a valid integer.\");\n        } finally {\n            // 防止内存/句柄泄漏\n            scanner.close();\n        }\n    }\n}', 1, 2298, 0.00, '2026-04-03 10:56:06', '2026-04-03 10:56:06', 0);
INSERT INTO `problem_submission` VALUES (104, 3, 1, 'java', 'import java.util.*;\nimport java.io.*;\n\npublic class Solution {\n\n    /**\n     * 核心算法逻辑写在这里\n     */\n    public void solve() {\n        // TODO: 在这里编写你的算法逻辑\n        \n    }\n\n    /**\n     * CodeNexus ACM 模式程序入口\n     * 请在此处解析标准输入 (Standard Input) 并打印标准输出 (Standard Output)\n     */\n    public static void main(String[] args) {\n        Scanner scanner = new Scanner(System.in);\n        \n        // 示例：如果题目需要读取多行或特定格式的输入\n        /*\n        if (scanner.hasNextLine()) {\n            // 1. 读取并解析输入数据\n            String line = scanner.nextLine();\n            \n            // 2. 实例化并调用核心算法\n            Solution sol = new Solution();\n            // Object result = sol.solve(...);\n            \n            // 3. 按照题目要求的格式打印输出\n            // System.out.println(result);\n        }\n        */\n    }\n}\n', 2, 1427, 0.00, '2026-04-03 10:58:24', '2026-04-03 10:58:24', 0);
INSERT INTO `problem_submission` VALUES (105, 3, 19, 'java', 'import java.util.*;\nimport java.io.*;\nimport java.util.regex.*;\n\n/**\n * 链表节点定义 (ACM模式必备基础结构)\n */\nclass ListNode {\n    int val;\n    ListNode next;\n    ListNode() {}\n    ListNode(int val) { this.val = val; }\n    ListNode(int val, ListNode next) { this.val = val; this.next = next; }\n}\n\npublic class Solution {\n\n    /**\n     * 核心算法逻辑：利用小顶堆进行 K 路归并\n     * @param lists 升序链表数组\n     * @return 合并后的单链表头节点\n     */\n    public ListNode solve(ListNode[] lists) {\n        // 边界情况防御\n        if (lists == null || lists.length == 0) {\n            return null;\n        }\n\n        // 构造小顶堆 (Min-Heap)，按照节点的 val 属性升序排列\n        PriorityQueue<ListNode> minHeap = new PriorityQueue<>(\n            lists.length, \n            (a, b) -> Integer.compare(a.val, b.val)\n        );\n\n        // 初始化：将所有非空链表的头节点加入堆中\n        for (ListNode head : lists) {\n            if (head != null) {\n                minHeap.offer(head);\n            }\n        }\n\n        // 使用 Dummy Node 简化头节点的边界处理\n        ListNode dummy = new ListNode(-1);\n        ListNode current = dummy;\n\n        // 持续从堆顶弹出当前全局最小节点，并推入其后继节点\n        while (!minHeap.isEmpty()) {\n            // 1. 获取最小节点并链接\n            ListNode minNode = minHeap.poll();\n            current.next = minNode;\n            current = current.next;\n\n            // 2. 如果该链表还有下一个节点，将其推入堆中参与下一轮竞选\n            if (minNode.next != null) {\n                minHeap.offer(minNode.next);\n            }\n        }\n\n        // 斩断尾部（防御性编程，尽管在此题中原链表尾部已经是 null）\n        current.next = null;\n        \n        return dummy.next;\n    }\n\n    /**\n     * 辅助方法：将 ListNode 序列化为要求的数组字符串格式\n     */\n    private static String formatResult(ListNode head) {\n        if (head == null) return \"[]\";\n        StringBuilder sb = new StringBuilder();\n        sb.append(\"[\");\n        while (head != null) {\n            sb.append(head.val);\n            if (head.next != null) {\n                sb.append(\",\");\n            }\n            head = head.next;\n        }\n        sb.append(\"]\");\n        return sb.toString();\n    }\n\n    /**\n     * CodeNexus ACM 模式程序入口\n     * 解析嵌套数组字符串，生成 ListNode[]，并打印结果\n     */\n    public static void main(String[] args) {\n        Scanner scanner = new Scanner(System.in);\n        \n        try {\n            if (scanner.hasNextLine()) {\n                // 1. 读取并清理输入数据\n                String line = scanner.nextLine().trim();\n                \n                // 处理极端的全空情况\n                if (line.equals(\"[]\") || line.isEmpty()) {\n                    System.out.println(\"[]\");\n                    return;\n                }\n\n                // 2. 正则解析输入数据 [[1,4,5],[1,3,4],[2,6]]\n                // 匹配中括号内的内容，且内容不包含其他中括号\n                Matcher m = Pattern.compile(\"\\\\[([^\\\\[\\\\]]*)\\\\]\").matcher(line);\n                List<ListNode> listBuilder = new ArrayList<>();\n                \n                while (m.find()) {\n                    String content = m.group(1).trim();\n                    if (content.isEmpty()) {\n                        listBuilder.add(null);\n                        continue;\n                    }\n                    \n                    String[] nums = content.split(\",\");\n                    ListNode dummy = new ListNode(0);\n                    ListNode curr = dummy;\n                    for (String num : nums) {\n                        curr.next = new ListNode(Integer.parseInt(num.trim()));\n                        curr = curr.next;\n                    }\n                    listBuilder.add(dummy.next);\n                }\n                \n                ListNode[] lists = listBuilder.toArray(new ListNode[0]);\n                \n                // 3. 实例化并调用核心算法\n                Solution sol = new Solution();\n                ListNode resultNode = sol.solve(lists);\n                \n                // 4. 按照题目要求的格式打印输出\n                System.out.println(formatResult(resultNode));\n            }\n        } catch (Exception e) {\n            // 严谨的错误处理，防止非法序列化输入导致程序崩溃\n            System.err.println(\"Input parsing error: \" + e.getMessage());\n        } finally {\n            // 防止内存/句柄泄漏\n            scanner.close();\n        }\n    }\n}', 1, 3692, 0.00, '2026-04-03 11:00:38', '2026-04-03 11:00:38', 0);
INSERT INTO `problem_submission` VALUES (106, 3, 18, 'java', 'import java.util.*;\nimport java.io.*;\n\npublic class Solution {\n\n    /**\n     * 核心算法逻辑写在这里\n     */\n    public void solve() {\n        // TODO: 在这里编写你的算法逻辑\n        \n    }\n\n    /**\n     * CodeNexus ACM 模式程序入口\n     * 请在此处解析标准输入 (Standard Input) 并打印标准输出 (Standard Output)\n     */\n    public static void main(String[] args) {\n        Scanner scanner = new Scanner(System.in);\n        \n        // 示例：如果题目需要读取多行或特定格式的输入\n        /*\n        if (scanner.hasNextLine()) {\n            // 1. 读取并解析输入数据\n            String line = scanner.nextLine();\n            \n            // 2. 实例化并调用核心算法\n            Solution sol = new Solution();\n            // Object result = sol.solve(...);\n            \n            // 3. 按照题目要求的格式打印输出\n            // System.out.println(result);\n        }\n        */\n    }\n}\n', 2, 1374, 0.00, '2026-04-03 11:03:08', '2026-04-03 11:03:08', 0);
INSERT INTO `problem_submission` VALUES (107, 3, 18, 'java', 'import java.util.*;\nimport java.io.*;\n\npublic class Solution {\n\n    /**\n     * 核心算法逻辑：接雨水 (Trapping Rain Water)\n     * 采用最优的【双指针法 (Two Pointers)】，时间复杂度 O(N)，空间复杂度 O(1)。\n     * * @param height 柱子的高度数组\n     * @return 能够接住的雨水总量\n     */\n    public int solve(int[] height) {\n        // 边界情况防御：少于3根柱子无法形成凹槽接水\n        if (height == null || height.length <= 2) {\n            return 0;\n        }\n\n        int left = 0;\n        int right = height.length - 1;\n        int leftMax = 0;\n        int rightMax = 0;\n        int totalWater = 0;\n\n        // 双指针向中间逼近\n        while (left < right) {\n            // 动态维护左右两边的最高柱子\n            leftMax = Math.max(leftMax, height[left]);\n            rightMax = Math.max(rightMax, height[right]);\n\n            // 根据木桶原理，较短的一边决定了当前位置能接的水量\n            if (height[left] < height[right]) {\n                // 左侧存在更高的柱子作为屏障，右侧有 rightMax 兜底，可以安全结算左侧\n                totalWater += leftMax - height[left];\n                left++;\n            } else {\n                // 右侧存在更高的柱子作为屏障，左侧有 leftMax 兜底，可以安全结算右侧\n                totalWater += rightMax - height[right];\n                right--;\n            }\n        }\n\n        return totalWater;\n    }\n\n    /**\n     * CodeNexus ACM 模式程序入口\n     * 解析标准输入 (如: [0,1,0,2,1,0,1,3,2,1,2,1]) 并打印结果\n     */\n    public static void main(String[] args) {\n        Scanner scanner = new Scanner(System.in);\n        \n        try {\n            if (scanner.hasNextLine()) {\n                String line = scanner.nextLine().trim();\n                \n                // 处理空输入的情况\n                if (line.isEmpty() || line.equals(\"[]\")) {\n                    System.out.println(0);\n                    return;\n                }\n\n                // 清洗输入数据，去除首尾中括号\n                line = line.replaceAll(\"\\\\[|\\\\]\", \"\");\n                if (line.isEmpty()) {\n                    System.out.println(0);\n                    return;\n                }\n\n                // 按逗号分割并转换为整型数组\n                String[] parts = line.split(\",\");\n                int[] height = new int[parts.length];\n                for (int i = 0; i < parts.length; i++) {\n                    height[i] = Integer.parseInt(parts[i].trim());\n                }\n\n                // 实例化并调用核心算法\n                Solution sol = new Solution();\n                int result = sol.solve(height);\n                \n                // 打印输出结果\n                System.out.println(result);\n            }\n        } catch (NumberFormatException e) {\n            // 防止非法格式输入导致程序崩溃\n            System.err.println(\"Input parsing error: Array elements must be integers.\");\n        } catch (Exception e) {\n            System.err.println(\"An unexpected error occurred: \" + e.getMessage());\n        } finally {\n            // 防止内存/句柄泄漏\n            scanner.close();\n        }\n    }\n}\n', 1, 2197, 0.00, '2026-04-03 11:03:42', '2026-04-03 11:03:42', 0);
INSERT INTO `problem_submission` VALUES (108, 3, 1, 'java', 'import java.util.HashMap;\nimport java.util.Map;\nimport java.util.Scanner;\nimport java.util.Arrays;\n\npublic class Solution {\n    \n    public static void main(String[] args) {\n        Scanner scanner = new Scanner(System.in);\n        if (!scanner.hasNextLine()) return;\n        \n        // 1. 读取第一行，比如 \"[2,7,11,15]\" 或 \"[2, 7, 11, 15]\"\n        String line = scanner.nextLine().trim();\n        \n        // 去除开头的 \"[\" 和结尾的 \"]\"\n        line = line.replace(\"[\", \"\").replace(\"]\", \"\");\n        \n        // 按逗号分割字符串\n        String[] numsStr = line.split(\",\");\n        int[] nums = new int[numsStr.length];\n        for (int i = 0; i < numsStr.length; i++) {\n            // trim() 去除数字两边可能存在的空格，然后强转\n            nums[i] = Integer.parseInt(numsStr[i].trim());\n        }\n        \n        // 2. 读取第二行目标值\n        int target = scanner.nextInt();\n        \n        // 3. 调用核心算法\n        Solution sol = new Solution();\n        int[] result = sol.twoSum(nums, target);\n        \n        // 4. 将结果转为字符串打印到控制台\n        // 去除 Arrays.toString 默认产生的空格，确保输出严格为 \"[0,1]\" 格式\n        System.out.println(Arrays.toString(result).replace(\" \", \"\"));\n    }\n\n    // 你完美的核心算法代码，一字未改\n    public int[] twoSum(int[] nums, int target) {\n        Map<Integer, Integer> map = new HashMap<>();\n        for (int i = 0; i < nums.length; i++) {\n            int complement = target - nums[i];\n            if (map.containsKey(complement)) {\n                return new int[] { map.get(complement), i };\n            }\n            map.put(nums[i], i);\n        }\n        throw new IllegalArgumentException(\"No two sum solution\");\n    }\n}', 1, 3349, 0.00, '2026-04-03 11:14:15', '2026-04-03 11:14:15', 0);
INSERT INTO `problem_submission` VALUES (109, 3, 1, 'java', 'import java.util.HashMap;\nimport java.util.Map;\nimport java.util.Scanner;\nimport java.util.Arrays;\n\npublic class Solution {\n    \n    public static void main(String[] args) {\n        Scanner scanner = new Scanner(System.in);\n        if (!scanner.hasNextLine()) return;\n        \n        // 1. 读取第一行，比如 \"[2,7,11,15]\" 或 \"[2, 7, 11, 15]\"\n        String line = scanner.nextLine().trim();\n        \n        // 去除开头的 \"[\" 和结尾的 \"]\"\n        line = line.replace(\"[\", \"\").replace(\"]\", \"\");\n        \n        // 按逗号分割字符串\n        String[] numsStr = line.split(\",\");\n        int[] nums = new int[numsStr.length];\n        for (int i = 0; i < numsStr.length; i++) {\n            // trim() 去除数字两边可能存在的空格，然后强转\n            nums[i] = Integer.parseInt(numsStr[i].trim());\n        }\n        \n        // 2. 读取第二行目标值\n        int target = scanner.nextInt();\n        \n        // 3. 调用核心算法\n        Solution sol = new Solution();\n        int[] result = sol.twoSum(nums, target);\n        \n        // 4. 将结果转为字符串打印到控制台\n        // 去除 Arrays.toString 默认产生的空格，确保输出严格为 \"[0,1]\" 格式\n        System.out.println(Arrays.toString(result).replace(\" \", \"\"));\n    }\n\n    // 你完美的核心算法代码，一字未改\n    public int[] twoSum(int[] nums, int target) {\n        Map<Integer, Integer> map = new HashMap<>();\n        for (int i = 0; i < nums.length; i++) {\n            int complement = target - nums[i];\n            if (map.containsKey(complement)) {\n                return new int[] { map.get(complement), i };\n            }\n            map.put(nums[i], i);\n        }\n        throw new IllegalArgumentException(\"No two sum solution\");\n    }\n}', 1, 3614, 0.00, '2026-04-03 11:16:29', '2026-04-03 11:16:29', 0);
INSERT INTO `problem_submission` VALUES (110, 3, 1, 'java', 'import java.util.HashMap;\nimport java.util.Map;\nimport java.util.Scanner;\nimport java.util.Arrays;\n\npublic class Solution {\n    \n    public static void main(String[] args) {\n        Scanner scanner = new Scanner(System.in);\n        if (!scanner.hasNextLine()) return;\n        \n        // 1. 读取第一行，比如 \"[2,7,11,15]\" 或 \"[2, 7, 11, 15]\"\n        String line = scanner.nextLine().trim();\n        \n        // 去除开头的 \"[\" 和结尾的 \"]\"\n        line = line.replace(\"[\", \"\").replace(\"]\", \"\");\n        \n        // 按逗号分割字符串\n        String[] numsStr = line.split(\",\");\n        int[] nums = new int[numsStr.length];\n        for (int i = 0; i < numsStr.length; i++) {\n            // trim() 去除数字两边可能存在的空格，然后强转\n            nums[i] = Integer.parseInt(numsStr[i].trim());\n        }\n        \n        // 2. 读取第二行目标值\n        int target = scanner.nextInt();\n        \n        // 3. 调用核心算法\n        Solution sol = new Solution();\n        int[] result = sol.twoSum(nums, target);\n        \n        // 4. 将结果转为字符串打印到控制台\n        // 去除 Arrays.toString 默认产生的空格，确保输出严格为 \"[0,1]\" 格式\n        System.out.println(Arrays.toString(result).replace(\" \", \"\"));\n    }\n\n    // 你完美的核心算法代码，一字未改\n    public int[] twoSum(int[] nums, int target) {\n        Map<Integer, Integer> map = new HashMap<>();\n        for (int i = 0; i < nums.length; i++) {\n            int complement = target - nums[i];\n            if (map.containsKey(complement)) {\n                return new int[] { map.get(complement), i };\n            }\n            map.put(nums[i], i);\n        }\n        throw new IllegalArgumentException(\"No two sum solution\");\n    }\n}', 1, 3325, 0.00, '2026-04-03 11:22:31', '2026-04-03 11:22:31', 0);
INSERT INTO `problem_submission` VALUES (111, 3, 1, 'java', 'import java.util.HashMap;\nimport java.util.Map;\nimport java.util.Scanner;\nimport java.util.Arrays;\n\npublic class Solution {\n    \n    public static void main(String[] args) {\n        Scanner scanner = new Scanner(System.in);\n        if (!scanner.hasNextLine()) return;\n        \n        // 1. 读取第一行，比如 \"[2,7,11,15]\" 或 \"[2, 7, 11, 15]\"\n        String line = scanner.nextLine().trim();\n        \n        // 去除开头的 \"[\" 和结尾的 \"]\"\n        line = line.replace(\"[\", \"\").replace(\"]\", \"\");\n        \n        // 按逗号分割字符串\n        String[] numsStr = line.split(\",\");\n        int[] nums = new int[numsStr.length];\n        for (int i = 0; i < numsStr.length; i++) {\n            // trim() 去除数字两边可能存在的空格，然后强转\n            nums[i] = Integer.parseInt(numsStr[i].trim());\n        }\n        \n        // 2. 读取第二行目标值\n        int target = scanner.nextInt();\n        \n        // 3. 调用核心算法\n        Solution sol = new Solution();\n        int[] result = sol.twoSum(nums, target);\n        \n        // 4. 将结果转为字符串打印到控制台\n        // 去除 Arrays.toString 默认产生的空格，确保输出严格为 \"[0,1]\" 格式\n        System.out.println(Arrays.toString(result).replace(\" \", \"\"));\n    }\n\n    // 你完美的核心算法代码，一字未改\n    public int[] twoSum(int[] nums, int target) {\n        Map<Integer, Integer> map = new HashMap<>();\n        for (int i = 0; i < nums.length; i++) {\n            int complement = target - nums[i];\n            if (map.containsKey(complement)) {\n                return new int[] { map.get(complement), i };\n            }\n            map.put(nums[i], i);\n        }\n        throw new IllegalArgumentException(\"No two sum solution\");\n    }\n}', 1, 3393, 0.00, '2026-04-03 11:23:35', '2026-04-03 11:23:35', 0);
INSERT INTO `problem_submission` VALUES (112, 3, 13, 'java', 'public class Solution {\n    public void solve() {\n        \n    }\n}', 5, 1173, 0.00, '2026-04-03 11:27:04', '2026-04-03 11:27:04', 0);
INSERT INTO `problem_submission` VALUES (113, 3, 13, 'java', 'public class Solution {\n    public void solve() {\n        \n    }\n}', 5, 1342, 0.00, '2026-04-03 11:28:37', '2026-04-03 11:28:37', 0);
INSERT INTO `problem_submission` VALUES (114, 3, 8, 'java', 'import java.util.*;\nimport java.io.*;\n\npublic class Solution {\n\n    /**\n     * 核心算法逻辑：字符串相加\n     * 采用双指针模拟人工加法（竖式相加），从低位（字符串末尾）向高位逐位相加。\n     * 时间复杂度 O(max(L1, L2))，空间复杂度 O(max(L1, L2))。\n     * * @param num1 第一个非负整数字符串\n     * @param num2 第二个非负整数字符串\n     * @return 相加后的结果字符串\n     */\n    public String solve(String num1, String num2) {\n        // 健壮性检查\n        if (num1 == null || num1.isEmpty()) return num2;\n        if (num2 == null || num2.isEmpty()) return num1;\n\n        StringBuilder result = new StringBuilder();\n        int i = num1.length() - 1;\n        int j = num2.length() - 1;\n        int carry = 0; // 进位状态记录\n\n        // 当任意一个字符串还有剩余字符，或者还有进位时，继续计算\n        while (i >= 0 || j >= 0 || carry != 0) {\n            // 获取当前位的值，如果指针越界（已遍历完）则补 0\n            int x = i >= 0 ? num1.charAt(i) - \'0\' : 0;\n            int y = j >= 0 ? num2.charAt(j) - \'0\' : 0;\n\n            int sum = x + y + carry;\n            result.append(sum % 10); // 记录当前位的计算结果\n            carry = sum / 10;        // 计算进位，供下一轮使用\n\n            i--;\n            j--;\n        }\n\n        // 因为是从低位向高位 append 的，最后需要反转字符串\n        return result.reverse().toString();\n    }\n\n    /**\n     * CodeNexus ACM 模式程序入口\n     * 解析标准输入并打印结果\n     */\n    public static void main(String[] args) {\n        Scanner scanner = new Scanner(System.in);\n        \n        try {\n            if (scanner.hasNextLine()) {\n                String line = scanner.nextLine().trim();\n                if (line.isEmpty()) return;\n\n                // 预处理：兼容纯空格分隔 \"11 123\" 和题目示例格式 \"num1 = \\\"11\\\", num2 = \\\"123\\\"\"\n                line = line.replaceAll(\"num[12]\\\\s*=\\\\s*\", \"\"); // 移除变量声明声明\n                line = line.replaceAll(\"\\\"\", \"\");               // 移除双引号\n                \n                // 按逗号或一个/多个空格分割\n                String[] parts = line.split(\"[,\\\\s]+\");\n                \n                if (parts.length >= 2) {\n                    String num1 = parts[0].trim();\n                    String num2 = parts[1].trim();\n\n                    // 实例化并调用核心算法\n                    Solution sol = new Solution();\n                    String sum = sol.solve(num1, num2);\n                    \n                    // 按照题目要求格式打印输出（结果为字符串形式）\n                    System.out.println(\"\\\"\" + sum + \"\\\"\");\n                }\n            }\n        } catch (Exception e) {\n            // 严谨的错误处理，防止异常导致进程崩溃\n            System.err.println(\"Input parsing error: \" + e.getMessage());\n        } finally {\n            // 防止系统资源泄漏\n            scanner.close();\n        }\n    }\n}', 2, 1111, 0.00, '2026-04-03 11:36:36', '2026-04-03 11:36:36', 0);
INSERT INTO `problem_submission` VALUES (115, 3, 8, 'java', 'import java.util.*;\nimport java.io.*;\n\npublic class Solution {\n\n    /**\n     * 核心算法逻辑：字符串相加 (逻辑不变，绝对正确)\n     */\n    public String solve(String num1, String num2) {\n        if (num1 == null || num1.isEmpty()) return num2;\n        if (num2 == null || num2.isEmpty()) return num1;\n\n        StringBuilder result = new StringBuilder();\n        int i = num1.length() - 1;\n        int j = num2.length() - 1;\n        int carry = 0;\n\n        while (i >= 0 || j >= 0 || carry != 0) {\n            int x = i >= 0 ? num1.charAt(i) - \'0\' : 0;\n            int y = j >= 0 ? num2.charAt(j) - \'0\' : 0;\n\n            int sum = x + y + carry;\n            result.append(sum % 10);\n            carry = sum / 10;\n\n            i--;\n            j--;\n        }\n\n        return result.reverse().toString();\n    }\n\n    /**\n     * CodeNexus ACM 模式程序入口 (已重构防御性 I/O)\n     */\n    public static void main(String[] args) {\n        Scanner scanner = new Scanner(System.in);\n        Solution sol = new Solution();\n        \n        try {\n            // 修复 1: 使用 while 持续监听，处理 OJ 灌入的所有测试用例\n            while (scanner.hasNext()) {\n                // 修复 2: 使用 next() 获取 token，无视空格和换行符带来的影响\n                String s1 = scanner.next();\n                String s2 = scanner.next();\n\n                // 修复 3: 正则清洗，剔除一切非数字字符\n                // 完美兼容纯净输入 \"11\" 和脏输入 \"num1=\\\"11\\\",\"\n                String num1 = s1.replaceAll(\"[^0-9]\", \"\");\n                String num2 = s2.replaceAll(\"[^0-9]\", \"\");\n                \n                // 防御空字符串情况 (比如被完全清洗掉了)\n                if (num1.isEmpty()) num1 = \"0\";\n                if (num2.isEmpty()) num2 = \"0\";\n\n                String sum = sol.solve(num1, num2);\n                \n                // 修复 4: 抛弃冗余的双引号，输出最纯净的答案\n                System.out.println(sum);\n            }\n        } catch (Exception e) {\n            System.err.println(\"Execution Error: \" + e.getMessage());\n        } finally {\n            scanner.close();\n        }\n    }\n}', 2, 1215, 0.00, '2026-04-03 11:38:18', '2026-04-03 11:38:18', 0);
INSERT INTO `problem_submission` VALUES (116, 3, 8, 'java', 'import java.util.Scanner;\n\npublic class Solution { \n\n    /**\n     * 核心算法：双指针竖式相加\n     */\n    public String solve(String num1, String num2) {\n        StringBuilder result = new StringBuilder();\n        int i = num1.length() - 1;\n        int j = num2.length() - 1;\n        int carry = 0;\n\n        while (i >= 0 || j >= 0 || carry != 0) {\n            int x = i >= 0 ? num1.charAt(i) - \'0\' : 0;\n            int y = j >= 0 ? num2.charAt(j) - \'0\' : 0;\n\n            int sum = x + y + carry;\n            result.append(sum % 10);\n            carry = sum / 10;\n\n            i--;\n            j--;\n        }\n\n        return result.reverse().toString();\n    }\n\n    /**\n     * 极简且最稳健的 I/O 入口\n     */\n    public static void main(String[] args) {\n        Scanner sc = new Scanner(System.in);\n        Solution sol = new Solution(); // 实例化对应修改为 Solution\n        \n        // 持续读取所有测试用例，直到输入流结束\n        while (sc.hasNext()) {\n            // next() 会自动跳过多余的空格和换行，精准抓取下一个连续字符串\n            String num1 = sc.next();\n            String num2 = sc.next();\n            \n            // 直接计算并输出最纯净的结果\n            System.out.println(sol.solve(num1, num2));\n        }\n        \n        sc.close();\n    }\n}', 2, 1094, 0.00, '2026-04-03 11:42:10', '2026-04-03 11:42:10', 0);
INSERT INTO `problem_submission` VALUES (117, 3, 8, 'java', 'import java.util.Scanner;\n\npublic class Solution { \n\n    /**\n     * 核心算法：双指针竖式相加 (逻辑绝对正确，无需修改)\n     */\n    public String solve(String num1, String num2) {\n        // 防止空字符串导致越界\n        if (num1.isEmpty()) num1 = \"0\";\n        if (num2.isEmpty()) num2 = \"0\";\n\n        StringBuilder result = new StringBuilder();\n        int i = num1.length() - 1;\n        int j = num2.length() - 1;\n        int carry = 0;\n\n        while (i >= 0 || j >= 0 || carry != 0) {\n            int x = i >= 0 ? num1.charAt(i) - \'0\' : 0;\n            int y = j >= 0 ? num2.charAt(j) - \'0\' : 0;\n\n            int sum = x + y + carry;\n            result.append(sum % 10);\n            carry = sum / 10;\n\n            i--;\n            j--;\n        }\n\n        return result.reverse().toString();\n    }\n\n    /**\n     * I/O 入口 (增加双引号清洗逻辑)\n     */\n    public static void main(String[] args) {\n        Scanner sc = new Scanner(System.in);\n        Solution sol = new Solution(); \n        \n        while (sc.hasNext()) {\n            // 核心修复：读取原始字符串后，立刻用正则剔除所有的双引号 (\") 和逗号 (,)\n            // 这样无论输入是 \"11\" 还是 11, 都会被清洗为纯净的 11\n            String num1 = sc.next().replaceAll(\"[\\\"\',]\", \"\");\n            String num2 = sc.next().replaceAll(\"[\\\"\',]\", \"\");\n            \n            System.out.println(sol.solve(num1, num2));\n        }\n        \n        sc.close();\n    }\n}', 2, 1088, 0.00, '2026-04-03 11:43:35', '2026-04-03 11:43:35', 0);
INSERT INTO `problem_submission` VALUES (118, 3, 8, 'java', 'import java.util.Scanner;\n\npublic class Solution { \n\n    /**\n     * 核心算法：双指针模拟竖式相加 (时间 O(max(L1,L2)), 空间 O(max(L1,L2)))\n     */\n    public String solve(String num1, String num2) {\n        // 防御性编程：防止空输入引发空指针或越界\n        if (num1.isEmpty()) num1 = \"0\";\n        if (num2.isEmpty()) num2 = \"0\";\n\n        StringBuilder result = new StringBuilder();\n        int i = num1.length() - 1;\n        int j = num2.length() - 1;\n        int carry = 0; // 进位状态寄存器\n\n        while (i >= 0 || j >= 0 || carry != 0) {\n            int x = i >= 0 ? num1.charAt(i) - \'0\' : 0;\n            int y = j >= 0 ? num2.charAt(j) - \'0\' : 0;\n\n            int sum = x + y + carry;\n            result.append(sum % 10);\n            carry = sum / 10;\n\n            i--;\n            j--;\n        }\n\n        return result.reverse().toString();\n    }\n\n    /**\n     * 工业级 I/O 入口\n     */\n    public static void main(String[] args) {\n        Scanner sc = new Scanner(System.in);\n        Solution sol = new Solution(); \n        \n        while (sc.hasNext()) {\n            // 1. 数据清洗：抹除输入数据中自带的所有双引号和逗号，提取纯净数字\n            String num1 = sc.next().replaceAll(\"[\\\"\',]\", \"\");\n            String num2 = sc.next().replaceAll(\"[\\\"\',]\", \"\");\n            \n            // 2. 核心计算\n            String result = sol.solve(num1, num2);\n            \n            // 3. 序列化对齐：强制在输出结果前后拼接双引号，满足评测机的无脑文本比对\n            System.out.println(\"\\\"\" + result + \"\\\"\");\n        }\n        \n        sc.close();\n    }\n}', 1, 4739, 0.00, '2026-04-03 11:45:32', '2026-04-03 11:45:32', 0);
INSERT INTO `problem_submission` VALUES (119, 2, 1, 'java', 'import java.util.*;\nimport java.io.*;\n\npublic class Solution {\n\n    /**\n     * 核心算法逻辑写在这里\n     */\n    public int[] solve(int[] nums, int target) {\n        Map<Integer, Integer> map = new HashMap<>();\n        for (int i = 0; i < nums.length; i++) {\n            int complement = target - nums[i];\n            if (map.containsKey(complement)) {\n                return new int[] { map.get(complement), i };\n            }\n            map.put(nums[i], i);\n        }\n        return new int[0];\n    }\n\n    /**\n     * CodeNexus ACM 模式程序入口\n     * 请在此处解析标准输入 (Standard Input) 并打印标准输出 (Standard Output)\n     */\n    public static void main(String[] args) {\n        Scanner scanner = new Scanner(System.in);\n        \n        // 假设输入格式示例：\n        // [2,7,11,15]\n        // 9\n        if (scanner.hasNextLine()) {\n            // 1. 读取并解析输入数据\n            String line = scanner.nextLine().trim();\n            // 去除前后方括号\n            line = line.replace(\"[\", \"\").replace(\"]\", \"\");\n            String[] parts = line.split(\",\");\n            int[] nums = new int[parts.length];\n            for (int i = 0; i < parts.length; i++) {\n                nums[i] = Integer.parseInt(parts[i].trim());\n            }\n            \n            int target = Integer.parseInt(scanner.nextLine().trim());\n            \n            // 2. 实例化并调用核心算法\n            Solution sol = new Solution();\n            int[] result = sol.solve(nums, target);\n            \n            // 3. 按照题目要求的格式打印输出\n            if (result.length == 2) {\n                System.out.println(\"[\" + result[0] + \",\" + result[1] + \"]\");\n            } else {\n                System.out.println(\"[]\");\n            }\n        }\n        scanner.close();\n    }\n}', 1, 2978, 0.00, '2026-04-04 02:15:04', '2026-04-04 02:15:04', 0);
INSERT INTO `problem_submission` VALUES (120, 3, 11, 'java', 'public class Solution {\n    public void solve() {\n        呀uitutuytutututututututututututututututututututututututujfhfgkgjkggjgjg\n\n\n\n\n\n        \n    }\n}', 5, 821, 0.00, '2026-04-04 02:18:56', '2026-04-04 02:18:56', 0);
INSERT INTO `problem_submission` VALUES (121, 3, 11, 'java', 'public class Solution {\n    public void solve() {\n        呀uitutuytutututututututututututututututututututututututujfhfgkgjkggjgjg\n\n\n\n\n\n        \n    }\n}', 5, 786, 0.00, '2026-04-04 02:19:01', '2026-04-04 02:19:01', 0);
INSERT INTO `problem_submission` VALUES (122, 2, 1, 'java', 'import java.util.*;\nimport java.io.*;\n\npublic class Solution {\n\n    /**\n     * 核心算法逻辑写在这里\n     */\n    public int[] solve(int[] nums, int target) {\n        Map<Integer, Integer> map = new HashMap<>();\n        for (int i = 0; i < nums.length; i++) {\n            int complement = target - nums[i];\n            if (map.containsKey(complement)) {\n                return new int[] { map.get(complement), i };\n            }\n            map.put(nums[i], i);\n        }\n        return new int[0];\n    }\n\n    /**\n     * CodeNexus ACM 模式程序入口\n     * 请在此处解析标准输入 (Standard Input) 并打印标准输出 (Standard Output)\n     */\n    public static void main(String[] args) {\n        Scanner scanner = new Scanner(System.in);\n        \n        // 假设输入格式示例：\n        // [2,7,11,15]\n        // 9\n        if (scanner.hasNextLine()) {\n            // 1. 读取并解析输入数据\n            String line = scanner.nextLine().trim();\n            // 去除前后方括号\n            line = line.replace(\"[\", \"\").replace(\"]\", \"\");\n            String[] parts = line.split(\",\");\n            int[] nums = new int[parts.length];\n            for (int i = 0; i < parts.length; i++) {\n                nums[i] = Integer.parseInt(parts[i].trim());\n            }\n            \n            int target = Integer.parseInt(scanner.nextLine().trim());\n            \n            // 2. 实例化并调用核心算法\n            Solution sol = new Solution();\n            int[] result = sol.solve(nums, target);\n            \n            // 3. 按照题目要求的格式打印输出\n            if (result.length == 2) {\n                System.out.println(\"[\" + result[0] + \",\" + result[1] + \"]\");\n            } else {\n                System.out.println(\"[]\");\n            }\n        }\n        scanner.close();\n    }\n}', 1, 3188, 0.00, '2026-04-04 03:41:32', '2026-04-04 03:41:32', 0);
INSERT INTO `problem_submission` VALUES (123, 3, 18, 'java', 'public class Solution {\n    public void solve() {\n        \n    }\n}', 5, 1097, 0.00, '2026-04-13 01:45:16', '2026-04-13 01:45:16', 0);
INSERT INTO `problem_submission` VALUES (124, 2, 15, 'java', 'public class Solution {\n    public void solve() {\n        \n\n\n\n\n\n        \n    }\n}', 5, 1038, 0.00, '2026-04-13 01:53:10', '2026-04-13 01:53:10', 0);
INSERT INTO `problem_submission` VALUES (125, 3, 15, 'java', 'import java.util.HashMap;\nimport java.util.Map;\nimport java.util.Scanner;\n\npublic class Solution {\n\n    public static void main(String[] args) {\n        Scanner scanner = new Scanner(System.in);\n        if (!scanner.hasNextLine()) return;\n\n        // 1. 读取第一行操作序列，例如：[\"LRUCache\", \"put\", \"put\", \"get\", ...]\n        String opsLine = scanner.nextLine().trim();\n        if (!scanner.hasNextLine()) return;\n        // 2. 读取第二行参数序列，例如：[[2], [1, 1], [2, 2], [1], ...]\n        String argsLine = scanner.nextLine().trim();\n\n        // --- 解析操作序列 ---\n        opsLine = opsLine.replace(\"[\", \"\").replace(\"]\", \"\").replace(\"\\\"\", \"\");\n        String[] ops = opsLine.split(\",\");\n\n        // --- 解析参数序列 ---\n        // 去除最外层的 \'[\' 和 \']\'\n        if (argsLine.length() >= 2) {\n            argsLine = argsLine.substring(1, argsLine.length() - 1);\n        }\n        // 按 \'],\' 分割以提取每组参数（处理类似 \"[1, 1], [2, 2]\" 的结构）\n        String[] argsArray = argsLine.split(\"\\\\]\\\\s*,\");\n        for (int i = 0; i < argsArray.length; i++) {\n            argsArray[i] = argsArray[i].replace(\"[\", \"\").replace(\"]\", \"\").trim();\n        }\n\n        // 3. 执行核心算法并收集结果\n        StringBuilder output = new StringBuilder();\n        output.append(\"[\");\n        \n        LRUCache lruCache = null;\n\n        for (int i = 0; i < ops.length; i++) {\n            String op = ops[i].trim();\n            String argStr = argsArray[i];\n\n            if (op.equals(\"LRUCache\")) {\n                int capacity = Integer.parseInt(argStr);\n                lruCache = new LRUCache(capacity);\n                output.append(\"null\");\n            } else if (op.equals(\"put\")) {\n                String[] parts = argStr.split(\",\");\n                int key = Integer.parseInt(parts[0].trim());\n                int value = Integer.parseInt(parts[1].trim());\n                lruCache.put(key, value);\n                output.append(\"null\");\n            } else if (op.equals(\"get\")) {\n                int key = Integer.parseInt(argStr);\n                int result = lruCache.get(key);\n                output.append(result);\n            }\n\n            // 添加输出分隔符\n            if (i < ops.length - 1) {\n                output.append(\", \");\n            }\n        }\n        output.append(\"]\");\n\n        // 4. 将结果字符串打印到控制台\n        System.out.println(output.toString());\n    }\n}\n\n/**\n * 完美的核心算法代码：LRU 缓存机制的实现\n * 使用 哈希表 (HashMap) + 双向链表 (Doubly Linked List) 保证 O(1) 性能\n */\nclass LRUCache {\n\n    // 内部类：定义双向链表节点\n    class DLinkedNode {\n        int key;\n        int value;\n        DLinkedNode prev;\n        DLinkedNode next;\n        \n        public DLinkedNode() {}\n        public DLinkedNode(int key, int value) {\n            this.key = key;\n            this.value = value;\n        }\n    }\n\n    private Map<Integer, DLinkedNode> cache = new HashMap<>();\n    private int size;\n    private int capacity;\n    \n    // 伪头部和伪尾部节点，避免处理边界条件时的繁琐 Null 判断\n    private DLinkedNode head;\n    private DLinkedNode tail;\n\n    public LRUCache(int capacity) {\n        this.size = 0;\n        this.capacity = capacity;\n        \n        // 初始化伪头和伪尾，并建立初始连接\n        head = new DLinkedNode();\n        tail = new DLinkedNode();\n        head.next = tail;\n        tail.prev = head;\n    }\n    \n    public int get(int key) {\n        DLinkedNode node = cache.get(key);\n        if (node == null) {\n            return -1; // 缓存未命中\n        }\n        // 如果关键字存在，先通过哈希表定位，再将其移到双向链表的头部（代表最近使用）\n        moveToHead(node);\n        return node.value;\n    }\n    \n    public void put(int key, int value) {\n        DLinkedNode node = cache.get(key);\n        \n        if (node == null) {\n            // 场景 1: 如果 key 不存在，创建一个新的节点\n            DLinkedNode newNode = new DLinkedNode(key, value);\n            cache.put(key, newNode); // 添加进哈希表\n            addToHead(newNode);      // 插入到双向链表头部\n            size++;\n            \n            // 如果超出容量限制，执行驱逐策略\n            if (size > capacity) {\n                DLinkedNode tail = removeTail();   // 删除双向链表尾部（最久未使用）节点\n                cache.remove(tail.key);            // 同步移除哈希表中的对应项\n                size--;\n            }\n        } else {\n            // 场景 2: 如果 key 已经存在，变更其数据值\n            node.value = value;\n            // 移动到头部，标记为最近使用\n            moveToHead(node);\n        }\n    }\n\n    // --- 双向链表底层操作方法（原子操作提取，遵循单一职责原则） ---\n\n    private void addToHead(DLinkedNode node) {\n        // 将节点插入伪头部之后\n        node.prev = head;\n        node.next = head.next;\n        head.next.prev = node;\n        head.next = node;\n    }\n\n    private void removeNode(DLinkedNode node) {\n        // 将节点从其当前所在的链表位置摘除\n        node.prev.next = node.next;\n        node.next.prev = node.prev;\n    }\n\n    private void moveToHead(DLinkedNode node) {\n        // \"移动到头部\"操作等价于先移除，再插入伪头部之后\n        removeNode(node);\n        addToHead(node);\n    }\n\n    private DLinkedNode removeTail() {\n        // 移除最久未使用的节点（即伪尾部的前一个节点）并返回它，以便从哈希表中清理\n        DLinkedNode res = tail.prev;\n        removeNode(res);\n        return res;\n    }\n}', 2, 1316, 0.00, '2026-04-13 01:54:46', '2026-04-13 01:54:46', 0);
INSERT INTO `problem_submission` VALUES (126, 3, 15, 'java', 'import java.util.HashMap;\nimport java.util.Map;\nimport java.util.Scanner;\n\npublic class Solution {\n\n    public static void main(String[] args) {\n        Scanner scanner = new Scanner(System.in);\n        \n        // 【修复 2】加入 while 循环，处理 OJ 连续注入的多组测试用例\n        while (scanner.hasNextLine()) {\n            String opsLine = scanner.nextLine().trim();\n            if (opsLine.isEmpty()) continue; // 忽略空行\n            \n            if (!scanner.hasNextLine()) break;\n            String argsLine = scanner.nextLine().trim();\n\n            // --- 1. 解析操作序列 ---\n            // 去除最外层 []，并按逗号分割\n            opsLine = opsLine.substring(1, opsLine.length() - 1);\n            String[] ops = opsLine.split(\",\");\n            for (int i = 0; i < ops.length; i++) {\n                // 清理多余的双引号和空格\n                ops[i] = ops[i].replace(\"\\\"\", \"\").trim();\n            }\n\n            // --- 2. 解析参数序列（极度鲁棒的解析法） ---\n            // 去除最外层 []\n            argsLine = argsLine.substring(1, argsLine.length() - 1).trim();\n            // 巧妙地利用右括号 \']\' 将各个参数组完全切分开来\n            String[] argsArray = argsLine.split(\"\\\\]\");\n            for (int i = 0; i < argsArray.length; i++) {\n                // 将形如 \", [1, 1\" 或 \"[2\" 的字符串，清除 \'[\' 和 \',\'，替换为空格\n                // 最终变成干净的 \"1 1\" 或 \"2\"\n                String cleanStr = argsArray[i].replace(\"[\", \"\").replace(\",\", \" \").trim();\n                argsArray[i] = cleanStr;\n            }\n\n            // --- 3. 执行核心算法并收集结果 ---\n            StringBuilder output = new StringBuilder();\n            output.append(\"[\");\n            \n            LRUCache lruCache = null;\n\n            for (int i = 0; i < ops.length; i++) {\n                String op = ops[i];\n                // 使用正则 \"\\\\s+\" 按一个或多个空格分割出具体的数字\n                String[] parts = argsArray[i].split(\"\\\\s+\");\n\n                if (op.equals(\"LRUCache\")) {\n                    int capacity = Integer.parseInt(parts[0]);\n                    lruCache = new LRUCache(capacity);\n                    output.append(\"null\");\n                } else if (op.equals(\"put\")) {\n                    int key = Integer.parseInt(parts[0]);\n                    int value = Integer.parseInt(parts[1]);\n                    lruCache.put(key, value);\n                    output.append(\"null\");\n                } else if (op.equals(\"get\")) {\n                    int key = Integer.parseInt(parts[0]);\n                    int result = lruCache.get(key);\n                    output.append(result);\n                }\n\n                // 【修复 1】严格遵守无空格输出规则，去除原先的 \", \"\n                if (i < ops.length - 1) {\n                    output.append(\",\"); \n                }\n            }\n            output.append(\"]\");\n\n            // 4. 将当前测试用例的结果打印到控制台\n            System.out.println(output.toString());\n        }\n    }\n}\n\n/**\n * 核心算法保持不变：O(1) 的 HashMap + 双向链表\n */\nclass LRUCache {\n\n    class DLinkedNode {\n        int key;\n        int value;\n        DLinkedNode prev;\n        DLinkedNode next;\n        public DLinkedNode() {}\n        public DLinkedNode(int key, int value) {\n            this.key = key;\n            this.value = value;\n        }\n    }\n\n    private Map<Integer, DLinkedNode> cache = new HashMap<>();\n    private int size;\n    private int capacity;\n    private DLinkedNode head;\n    private DLinkedNode tail;\n\n    public LRUCache(int capacity) {\n        this.size = 0;\n        this.capacity = capacity;\n        head = new DLinkedNode();\n        tail = new DLinkedNode();\n        head.next = tail;\n        tail.prev = head;\n    }\n    \n    public int get(int key) {\n        DLinkedNode node = cache.get(key);\n        if (node == null) {\n            return -1; \n        }\n        moveToHead(node);\n        return node.value;\n    }\n    \n    public void put(int key, int value) {\n        DLinkedNode node = cache.get(key);\n        if (node == null) {\n            DLinkedNode newNode = new DLinkedNode(key, value);\n            cache.put(key, newNode);\n            addToHead(newNode);\n            size++;\n            if (size > capacity) {\n                DLinkedNode tail = removeTail();\n                cache.remove(tail.key);\n                size--;\n            }\n        } else {\n            node.value = value;\n            moveToHead(node);\n        }\n    }\n\n    private void addToHead(DLinkedNode node) {\n        node.prev = head;\n        node.next = head.next;\n        head.next.prev = node;\n        head.next = node;\n    }\n\n    private void removeNode(DLinkedNode node) {\n        node.prev.next = node.next;\n        node.next.prev = node.prev;\n    }\n\n    private void moveToHead(DLinkedNode node) {\n        removeNode(node);\n        addToHead(node);\n    }\n\n    private DLinkedNode removeTail() {\n        DLinkedNode res = tail.prev;\n        removeNode(res);\n        return res;\n    }\n}', 1, 1284, 0.00, '2026-04-13 01:56:42', '2026-04-13 01:56:42', 0);
INSERT INTO `problem_submission` VALUES (127, 3, 1, 'java', 'import java.util.*;\nimport java.io.*;\n\npublic class Solution {\n\n    /**\n     * 核心算法逻辑写在这里\n     */\n    public int[] solve(int[] nums, int target) {\n        Map<Integer, Integer> map = new HashMap<>();\n        for (int i = 0; i < nums.length; i++) {\n            int complement = target - nums[i];\n            if (map.containsKey(complement)) {\n                return new int[] { map.get(complement), i };\n            }\n            map.put(nums[i], i);\n        }\n        return new int[0];\n    }\n\n    /**\n     * CodeNexus ACM 模式程序入口\n     * 请在此处解析标准输入 (Standard Input) 并打印标准输出 (Standard Output)\n     */\n    public static void main(String[] args) {\n        Scanner scanner = new Scanner(System.in);\n        \n        // 假设输入格式示例：\n        // [2,7,11,15]\n        // 9\n        if (scanner.hasNextLine()) {\n            // 1. 读取并解析输入数据\n            String line = scanner.nextLine().trim();\n            // 去除前后方括号\n            line = line.replace(\"[\", \"\").replace(\"]\", \"\");\n            String[] parts = line.split(\",\");\n            int[] nums = new int[parts.length];\n            for (int i = 0; i < parts.length; i++) {\n                nums[i] = Integer.parseInt(parts[i].trim());\n            }\n            \n            int target = Integer.parseInt(scanner.nextLine().trim());\n            \n            // 2. 实例化并调用核心算法\n            Solution sol = new Solution();\n            int[] result = sol.solve(nums, target);\n            \n            // 3. 按照题目要求的格式打印输出\n            if (result.length == 2) {\n                System.out.println(\"[\" + result[0] + \",\" + result[1] + \"]\");\n            } else {\n                System.out.println(\"[]\");\n            }\n        }\n        scanner.close();\n    }\n}', 1, 3468, 0.00, '2026-04-13 01:58:52', '2026-04-13 01:58:52', 0);
INSERT INTO `problem_submission` VALUES (128, 3, 1, 'java', 'import java.util.ArrayList;\nimport java.util.List;\nimport java.util.Scanner;\n\npublic class Solution {\n\n    public static void main(String[] args) {\n        Scanner scanner = new Scanner(System.in);\n        \n        // 读取一行输入以模拟正常流程\n        if (scanner.hasNextLine()) {\n            String line = scanner.nextLine();\n            \n            Solution sol = new Solution();\n            sol.memoryLeakTest();\n        }\n    }\n\n    /**\n     * 核心算法：无限申请堆内存\n     */\n    public void memoryLeakTest() {\n        // 声明一个集合用于持有内存引用，防止 GC 回收\n        List<byte[]> memoryHog = new ArrayList<>();\n        \n        try {\n            while (true) {\n                // 每次循环申请 1MB 的字节数组\n                memoryHog.add(new byte[1024 * 1024]);\n            }\n        } catch (OutOfMemoryError e) {\n            // 在某些配置下，Java 自己会抛出 OOM 异常。\n            // 真实 OJ 评测机通常会通过 cgroup 监控物理/虚拟内存峰值，\n            // 并在 Java 抛出异常前或抛出时准确判定 MLE。\n            System.err.println(\"OutOfMemoryError caught within JVM.\");\n            throw e; // 继续向上抛出以确保程序非正常退出\n        }\n    }\n}', 5, 1236, 0.00, '2026-04-13 02:07:57', '2026-04-13 02:07:57', 0);
INSERT INTO `problem_submission` VALUES (129, 3, 1, 'java', 'import java.util.ArrayList;\nimport java.util.List;\nimport java.util.Scanner;\n\npublic class Solution {\n\n    public static void main(String[] args) {\n        Scanner scanner = new Scanner(System.in);\n        \n        // 读取一行输入以模拟正常流程\n        if (scanner.hasNextLine()) {\n            String line = scanner.nextLine();\n            \n            Solution sol = new Solution();\n            sol.memoryLeakTest();\n        }\n    }\n\n    /**\n     * 核心算法：无限申请堆内存\n     */\n    public void memoryLeakTest() {\n        // 声明一个集合用于持有内存引用，防止 GC 回收\n        List<byte[]> memoryHog = new ArrayList<>();\n        \n        try {\n            while (true) {\n                // 每次循环申请 1MB 的字节数组\n                memoryHog.add(new byte[1024 * 1024]);\n            }\n        }\n    }\n}', 5, 785, 0.00, '2026-04-13 02:08:41', '2026-04-13 02:08:41', 0);
INSERT INTO `problem_submission` VALUES (130, 3, 1, 'java', 'import java.util.Scanner;\n\npublic class Solution {\n\n    public static void main(String[] args) {\n        Scanner scanner = new Scanner(System.in);\n        \n        // 读取一行输入以模拟正常流程，防止因缺少输入直接判错 (RE或WA)\n        if (scanner.hasNextLine()) {\n            String line = scanner.nextLine();\n            \n            Solution sol = new Solution();\n            sol.infiniteLoopTest();\n        }\n    }\n\n    /**\n     * 核心算法：纯 CPU 死循环\n     */\n    public void infiniteLoopTest() {\n        long counter = 0;\n        // 使用死循环疯狂占用 CPU 资源\n        while (true) {\n            counter++;\n            // 加上一些无意义的计算防止被编译器优化掉 (JIT Optimization)\n            if (counter < 0) {\n                counter = 0;\n            }\n        }\n    }\n}', 3, 3000, 0.00, '2026-04-13 02:08:57', '2026-04-13 02:08:57', 0);
INSERT INTO `problem_submission` VALUES (131, 3, 1, 'java', 'import java.util.ArrayList;\nimport java.util.List;\nimport java.util.Scanner;\n\npublic class Solution {\n\n    public static void main(String[] args) {\n        Scanner scanner = new Scanner(System.in);\n        // 模拟正常 I/O\n        if (scanner.hasNextLine()) {\n            scanner.nextLine();\n        }\n        \n        // 大块申请，绕过 GC 优化\n        List<Object> list = new ArrayList<>();\n        \n        // 以 64MB 为单位申请内存\n        while (true) {\n            list.add(new byte[64 * 1024 * 1024]);\n        }\n    }\n}', 2, 1350, 0.00, '2026-04-13 02:22:39', '2026-04-13 02:22:39', 0);
INSERT INTO `problem_submission` VALUES (132, 3, 1, 'java', 'import java.util.ArrayList;\nimport java.util.List;\nimport java.util.Scanner;\n\npublic class Solution {\n\n    public static void main(String[] args) {\n        Scanner scanner = new Scanner(System.in);\n        // 模拟正常 I/O\n        if (scanner.hasNextLine()) {\n            scanner.nextLine();\n        }\n        \n        // 大块申请，绕过 GC 优化\n        List<Object> list = new ArrayList<>();\n        \n        // 以 64MB 为单位申请内存\n        while (true) {\n            list.add(new byte[64 * 1024 * 1024]);\n        }\n    }\n}', 5, 1243, 0.00, '2026-04-13 02:23:14', '2026-04-13 02:23:14', 0);
INSERT INTO `problem_submission` VALUES (133, 3, 1, 'java', 'import java.util.*;\nimport java.io.*;\n\npublic class Solution {\n\n    /**\n     * 核心算法逻辑写在这里\n     */\n    public int[] solve(int[] nums, int target) {\n        Map<Integer, Integer> map = new HashMap<>();\n        for (int i = 0; i < nums.length; i++) {\n            int complement = target - nums[i];\n            if (map.containsKey(complement)) {\n                return new int[] { map.get(complement), i };\n            }\n            map.put(nums[i], i);\n        }\n        return new int[0];\n    }\n\n    /**\n     * CodeNexus ACM 模式程序入口\n     * 请在此处解析标准输入 (Standard Input) 并打印标准输出 (Standard Output)\n     */\n    public static void main(String[] args) {\n        Scanner scanner = new Scanner(System.in);\n        \n        // 假设输入格式示例：\n        // [2,7,11,15]\n        // 9\n        if (scanner.hasNextLine()) {\n            // 1. 读取并解析输入数据\n            String line = scanner.nextLine().trim();\n            // 去除前后方括号\n            line = line.replace(\"[\", \"\").replace(\"]\", \"\");\n            String[] parts = line.split(\",\");\n            int[] nums = new int[parts.length];\n            for (int i = 0; i < parts.length; i++) {\n                nums[i] = Integer.parseInt(parts[i].trim());\n            }\n            \n            int target = Integer.parseInt(scanner.nextLine().trim());\n            \n            // 2. 实例化并调用核心算法\n            Solution sol = new Solution();\n            int[] result = sol.solve(nums, target);\n            \n            // 3. 按照题目要求的格式打印输出\n            if (result.length == 2) {\n                System.out.println(\"[\" + result[0] + \",\" + result[1] + \"]\");\n            } else {\n                System.out.println(\"[]\");\n            }\n        }\n        scanner.close();\n    }\n}', 1, 2969, 0.00, '2026-05-07 01:24:05', '2026-05-07 01:24:05', 0);
INSERT INTO `problem_submission` VALUES (134, 3, 2, 'java', 'import java.util.*;\nimport java.io.*;\n\npublic class Solution {\n\n    /**\n     * 核心算法逻辑写在这里\n     */\n    public int solve(int n) {\n        if (n <= 2) {\n            return n;\n        }\n        \n        int prev1 = 1; // 相当于 dp[i-2]\n        int prev2 = 2; // 相当于 dp[i-1]\n        int current = 0; // 相当于 dp[i]\n        \n        for (int i = 3; i <= n; i++) {\n            current = prev1 + prev2;\n            prev1 = prev2;\n            prev2 = current;\n        }\n        \n        return current;\n    }\n\n    /**\n     * CodeNexus ACM 模式程序入口\n     * 请在此处解析标准输入 (Standard Input) 并打印标准输出 (Standard Output)\n     */\n    public static void main(String[] args) {\n        Scanner scanner = new Scanner(System.in);\n        \n        if (scanner.hasNextInt()) {\n            // 1. 读取并解析输入数据\n            int n = scanner.nextInt();\n            \n            // 2. 实例化并调用核心算法\n            Solution sol = new Solution();\n            int result = sol.solve(n);\n            \n            // 3. 按照题目要求的格式打印输出\n            System.out.println(result);\n        }\n        \n        scanner.close();\n    }\n}', 1, 4090, 0.00, '2026-05-07 11:40:29', '2026-05-07 11:40:29', 0);
INSERT INTO `problem_submission` VALUES (135, 3, 3, 'java', 'import java.util.*;\nimport java.io.*;\n\npublic class Solution {\n\n    /**\n     * 核心算法逻辑写在这里\n     */\n    public void solve() {\n        // TODO: 在这里编写你的算法逻辑\n        \n    }\n\n    /**\n     * CodeNexus ACM 模式程序入口\n     * 请在此处解析标准输入 (Standard Input) 并打印标准输出 (Standard Output)\n     */\n    public static void main(String[] args) {\n        Scanner scanner = new Scanner(System.in);\n        \n        // 示例：如果题目需要读取多行或特定格式的输入\n        /*\n        if (scanner.hasNextLine()) {\n            // 1. 读取并解析输入数据\n            String line = scanner.nextLine();\n            \n            // 2. 实例化并调用核心算法\n            Solution sol = new Solution();\n            // Object result = sol.solve(...);\n            \n            // 3. 按照题目要求的格式打印输出\n            // System.out.println(result);\n        }\n        */\n    }\n}', 2, 959, 0.00, '2026-05-07 11:40:46', '2026-05-07 11:40:46', 0);
INSERT INTO `problem_submission` VALUES (136, 2, 21, 'java', 'import java.util.*;\nimport java.io.*;\n\npublic class Solution {\n\n    /**\n     * 核心算法逻辑写在这里\n     */\n    public void solve() {\n        // TODO: 在这里编写你的算法逻辑\n        \n    }\n\n    /**\n     * CodeNexus ACM 模式程序入口\n     * 请在此处解析标准输入 (Standard Input) 并打印标准输出 (Standard Output)\n     */\n    public static void main(String[] args) {\n        Scanner scanner = new Scanner(System.in);\n        \n        // 示例：如果题目需要读取多行或特定格式的输入\n        /*\n        if (scanner.hasNextLine()) {\n            // 1. 读取并解析输入数据\n            String line = scanner.nextLine();\n            \n            // 2. 实例化并调用核心算法\n            Solution sol = new Solution();\n            // Object result = sol.solve(...);\n            \n            // 3. 按照题目要求的格式打印输出\n            // System.out.println(result);\n        }\n        */\n    }\n}', 1, 0, 0.00, '2026-05-07 16:26:57', '2026-05-07 16:26:57', 0);
INSERT INTO `problem_submission` VALUES (137, 2, 21, 'java', 'import java.util.*;\nimport java.io.*;\n\npublic class Solution {\n\n    /**\n     * 核心算法逻辑写在这里\n     */\n    public void solve() {\n        // TODO: 在这里编写你的算法逻辑\n        \n    }\n\n    /**\n     * CodeNexus ACM 模式程序入口\n     * 请在此处解析标准输入 (Standard Input) 并打印标准输出 (Standard Output)\n     */\n    public static void main(String[] args) {\n        Scanner scanner = new Scanner(System.in);\n        \n        // 示例：如果题目需要读取多行或特定格式的输入\n        /*\n        if (scanner.hasNextLine()) {\n            // 1. 读取并解析输入数据\n            String line = scanner.nextLine();\n            \n            // 2. 实例化并调用核心算法\n            Solution sol = new Solution();\n            // Object result = sol.solve(...);\n            \n            // 3. 按照题目要求的格式打印输出\n            // System.out.println(result);\n        }\n        */\n    }\n}', 1, 0, 0.00, '2026-05-07 16:57:54', '2026-05-07 16:57:54', 0);
INSERT INTO `problem_submission` VALUES (138, 2, 22, 'java', 'import java.util.*;\nimport java.io.*;\n\npublic class Solution {\n\n    /**\n     * 核心算法逻辑写在这里\n     */\n    public void solve() {\n        // TODO: 在这里编写你的算法逻辑\n        \n    }\n\n    /**\n     * CodeNexus ACM 模式程序入口\n     * 请在此处解析标准输入 (Standard Input) 并打印标准输出 (Standard Output)\n     */\n    public static void main(String[] args) {\n        Scanner scanner = new Scanner(System.in);\n        \n        // 示例：如果题目需要读取多行或特定格式的输入\n        /*\n        if (scanner.hasNextLine()) {\n            // 1. 读取并解析输入数据\n            String line = scanner.nextLine();\n            \n            // 2. 实例化并调用核心算法\n            Solution sol = new Solution();\n            // Object result = sol.solve(...);\n            \n            // 3. 按照题目要求的格式打印输出\n            // System.out.println(result);\n        }\n        */\n    }\n}', 1, 0, 0.00, '2026-05-07 16:59:46', '2026-05-07 16:59:46', 0);
INSERT INTO `problem_submission` VALUES (139, 2, 22, 'java', 'import java.util.*;\nimport java.io.*;\n\npublic class Solution {\n\n    /**\n     * 核心算法逻辑写在这里\n     */\n    public void solve() {\n        // TODO: 在这里编写你的算法逻辑\n        \n    }\n\n    /**\n     * CodeNexus ACM 模式程序入口\n     * 请在此处解析标准输入 (Standard Input) 并打印标准输出 (Standard Output)\n     */\n    public static void main(String[] args) {\n        Scanner scanner = new Scanner(System.in);\n        \n        // 示例：如果题目需要读取多行或特定格式的输入\n        /*\n        if (scanner.hasNextLine()) {\n            // 1. 读取并解析输入数据\n            String line = scanner.nextLine();\n            \n            // 2. 实例化并调用核心算法\n            Solution sol = new Solution();\n            // Object result = sol.solve(...);\n            \n            // 3. 按照题目要求的格式打印输出\n            // System.out.println(result);\n        }\n        */\n    }\n}', 1, 0, 0.00, '2026-05-07 17:00:03', '2026-05-07 17:00:03', 0);
INSERT INTO `problem_submission` VALUES (140, 2, 23, 'java', 'import java.util.*;\nimport java.io.*;\n\npublic class Solution {\n\n    /**\n     * 核心算法逻辑写在这里\n     */\n    public void solve() {\n        // TODO: 在这里编写你的算法逻辑\n        \n    }\n\n    /**\n     * CodeNexus ACM 模式程序入口\n     * 请在此处解析标准输入 (Standard Input) 并打印标准输出 (Standard Output)\n     */\n    public static void main(String[] args) {\n        Scanner scanner = new Scanner(System.in);\n        \n        // 示例：如果题目需要读取多行或特定格式的输入\n        /*\n        if (scanner.hasNextLine()) {\n            // 1. 读取并解析输入数据\n            String line = scanner.nextLine();\n            \n            // 2. 实例化并调用核心算法\n            Solution sol = new Solution();\n            // Object result = sol.solve(...);\n            \n            // 3. 按照题目要求的格式打印输出\n            // System.out.println(result);\n        }\n        */\n    }\n}', 1, 0, 0.00, '2026-05-07 17:08:59', '2026-05-07 17:08:59', 0);
INSERT INTO `problem_submission` VALUES (141, 2, 23, 'java', 'import java.util.*;\nimport java.io.*;\n\npublic class Solution {\n\n    /**\n     * 核心算法逻辑写在这里\n     */\n    public void solve() {\n        // TODO: 在这里编写你的算法逻辑\n        \n    }\n\n    /**\n     * CodeNexus ACM 模式程序入口\n     * 请在此处解析标准输入 (Standard Input) 并打印标准输出 (Standard Output)\n     */\n    public static void main(String[] args) {\n        Scanner scanner = new Scanner(System.in);\n        \n        // 示例：如果题目需要读取多行或特定格式的输入\n        /*\n        if (scanner.hasNextLine()) {\n            // 1. 读取并解析输入数据\n            String line = scanner.nextLine();\n            \n            // 2. 实例化并调用核心算法\n            Solution sol = new Solution();\n            // Object result = sol.solve(...);\n            \n            // 3. 按照题目要求的格式打印输出\n            // System.out.println(result);\n        }\n        */\n    }\n}', 1, 0, 0.00, '2026-05-07 17:09:07', '2026-05-07 17:09:07', 0);
INSERT INTO `problem_submission` VALUES (142, 3, 1, 'java', 'import java.util.*;\nimport java.io.*;\n\npublic class Solution {\n\n    /**\n     * 核心算法逻辑写在这里\n     */\n    public void solve() {\n        // TODO: 在这里编写你的算法逻辑\n        \n    }\n\n    /**\n     * CodeNexus ACM 模式程序入口\n     * 请在此处解析标准输入 (Standard Input) 并打印标准输出 (Standard Output)\n     */\n    public static void main(String[] args) {\n        Scanner scanner = new Scanner(System.in);\n        \n        // 示例：如果题目需要读取多行或特定格式的输入\n        /*\n        if (scanner.hasNextLine()) {\n            // 1. 读取并解析输入数据\n            String line = scanner.nextLine();\n            \n            // 2. 实例化并调用核心算法\n            Solution sol = new Solution();\n            // Object result = sol.solve(...);\n            \n            // 3. 按照题目要求的格式打印输出\n            // System.out.println(result);\n        }\n        */\n    }\n}', 2, 1051, 0.00, '2026-05-08 19:12:08', '2026-05-08 19:12:08', 0);
INSERT INTO `problem_submission` VALUES (143, 3, 1, 'java', 'import java.util.*;\nimport java.io.*;\n\npublic class Solution {\n\n    /**\n     * 核心算法逻辑写在这里\n     */\n    public void solve() {\n        // TODO: 在这里编写你的算法逻辑\n        \n    }\n\n    /**\n     * CodeNexus ACM 模式程序入口\n     * 请在此处解析标准输入 (Standard Input) 并打印标准输出 (Standard Output)\n     */\n    public static void main(String[] args) {\n        Scanner scanner = new Scanner(System.in);\n        \n        // 示例：如果题目需要读取多行或特定格式的输入\n        /*\n        if (scanner.hasNextLine()) {\n            // 1. 读取并解析输入数据\n            String line = scanner.nextLine();\n            \n            // 2. 实例化并调用核心算法\n            Solution sol = new Solution();\n            // Object result = sol.solve(...);\n            \n            // 3. 按照题目要求的格式打印输出\n            // System.out.println(result);\n        }\n        */\n    }\n}', 2, 931, 0.00, '2026-05-08 20:05:45', '2026-05-08 20:05:45', 0);
INSERT INTO `problem_submission` VALUES (144, 3, 2, 'java', 'import java.util.*;\nimport java.io.*;\n\npublic class Solution {\n\n    /**\n     * 核心算法逻辑写在这里\n     */\n    public int solve(int n) {\n        if (n <= 2) {\n            return n;\n        }\n        \n        int prev1 = 1; // 相当于 dp[i-2]\n        int prev2 = 2; // 相当于 dp[i-1]\n        int current = 0; // 相当于 dp[i]\n        \n        for (int i = 3; i <= n; i++) {\n            current = prev1 + prev2;\n            prev1 = prev2;\n            prev2 = current;\n        }\n        \n        return current;\n    }\n\n    /**\n     * CodeNexus ACM 模式程序入口\n     * 请在此处解析标准输入 (Standard Input) 并打印标准输出 (Standard Output)\n     */\n    public static void main(String[] args) {\n        Scanner scanner = new Scanner(System.in);\n        \n        if (scanner.hasNextInt()) {\n            // 1. 读取并解析输入数据\n            int n = scanner.nextInt();\n            \n            // 2. 实例化并调用核心算法\n            Solution sol = new Solution();\n            int result = sol.solve(n);\n            \n            // 3. 按照题目要求的格式打印输出\n            System.out.println(result);\n        }\n        \n        scanner.close();\n    }\n}', 1, 3898, 0.00, '2026-05-08 20:18:30', '2026-05-08 20:18:30', 0);
INSERT INTO `problem_submission` VALUES (145, 3, 3, 'java', 'import java.util.*;\nimport java.io.*;\n\npublic class Solution {\n\n    /**\n     * 核心算法逻辑写在这里\n     */\n    public boolean solve(String s) {\n        Stack<Character> stack = new Stack<>();\n        for (char c : s.toCharArray()) {\n            // 遇到左括号入栈\n            if (c == \'(\' || c == \'{\' || c == \'[\') {\n                stack.push(c);\n            } \n            // 遇到右括号进行匹配\n            else {\n                if (stack.isEmpty()) {\n                    return false;\n                }\n                char top = stack.pop();\n                if ((c == \')\' && top != \'(\') ||\n                    (c == \'}\' && top != \'{\') ||\n                    (c == \']\' && top != \'[\')) {\n                    return false;\n                }\n            }\n        }\n        // 最终检查栈是否为空\n        return stack.isEmpty();\n    }\n\n    /**\n     * CodeNexus ACM 模式程序入口\n     * 请在此处解析标准输入 (Standard Input) 并打印标准输出 (Standard Output)\n     */\n    public static void main(String[] args) {\n        Scanner scanner = new Scanner(System.in);\n        \n        if (scanner.hasNextLine()) {\n            // 1. 读取并解析输入数据\n            String s = scanner.nextLine().trim();\n            \n            // 处理输入可能包含的双引号，注意此处已在 SQL 中将 Java 的 \\\" 转义为 \\\\\\\"\n            if (s.startsWith(\"\\\"\") && s.endsWith(\"\\\"\")) {\n                s = s.substring(1, s.length() - 1);\n            }\n            \n            // 2. 实例化并调用核心算法\n            Solution sol = new Solution();\n            boolean result = sol.solve(s);\n            \n            // 3. 按照题目要求的格式打印输出\n            System.out.println(result);\n        }\n        \n        scanner.close();\n    }\n}', 1, 4835, 0.00, '2026-05-08 20:19:58', '2026-05-08 20:19:58', 0);
INSERT INTO `problem_submission` VALUES (146, 3, 20, 'java', 'import java.util.*;\nimport java.io.*;\n\npublic class Solution {\n\n    /**\n     * 核心算法逻辑写在这里\n     */\n    public void solve() {\n        // TODO: 在这里编写你的算法逻辑\n        \n    }\n\n    /**\n     * CodeNexus ACM 模式程序入口\n     * 请在此处解析标准输入 (Standard Input) 并打印标准输出 (Standard Output)\n     */\n    public static void main(String[] args) {\n        Scanner scanner = new Scanner(System.in);\n        \n        // 示例：如果题目需要读取多行或特定格式的输入\n        /*\n        if (scanner.hasNextLine()) {\n            // 1. 读取并解析输入数据\n            String line = scanner.nextLine();\n            \n            // 2. 实例化并调用核心算法\n            Solution sol = new Solution();\n            // Object result = sol.solve(...);\n            \n            // 3. 按照题目要求的格式打印输出\n            // System.out.println(result);\n        }\n        */\n    }\n}', 2, 1010, 0.00, '2026-05-08 23:51:55', '2026-05-08 23:51:55', 0);
INSERT INTO `problem_submission` VALUES (147, 3, 20, 'java', 'import java.util.*;\nimport java.io.*;\n\npublic class Solution {\n\n    /**\n     * 核心算法逻辑写在这里\n     */\n    public void solve() {\n        // TODO: 在这里编写你的算法逻辑\n        \n    }\n\n    /**\n     * CodeNexus ACM 模式程序入口\n     * 请在此处解析标准输入 (Standard Input) 并打印标准输出 (Standard Output)\n     */\n    public static void main(String[] args) {\n        Scanner scanner = new Scanner(System.in);\n        \n        // 示例：如果题目需要读取多行或特定格式的输入\n        /*\n        if (scanner.hasNextLine()) {\n            // 1. 读取并解析输入数据\n            String line = scanner.nextLine();\n            \n            // 2. 实例化并调用核心算法\n            Solution sol = new Solution();\n            // Object result = sol.solve(...);\n            \n            // 3. 按照题目要求的格式打印输出\n            // System.out.println(result);\n        }\n        */\n    }\n}', 2, 969, 0.00, '2026-05-08 23:52:00', '2026-05-08 23:52:00', 0);
INSERT INTO `problem_submission` VALUES (148, 3, 20, 'java', 'import java.util.*;\nimport java.io.*;\n\npublic class Solution {\n\n    /**\n     * 核心算法逻辑写在这里\n     */\n    public void solve() {\n        // TODO: 在这里编写你的算法逻辑\n        \n    }\n\n    /**\n     * CodeNexus ACM 模式程序入口\n     * 请在此处解析标准输入 (Standard Input) 并打印标准输出 (Standard Output)\n     */\n    public static void main(String[] args) {\n        Scanner scanner = new Scanner(System.in);\n        \n        // 示例：如果题目需要读取多行或特定格式的输入\n        /*\n        if (scanner.hasNextLine()) {\n            // 1. 读取并解析输入数据\n            String line = scanner.nextLine();\n            \n            // 2. 实例化并调用核心算法\n            Solution sol = new Solution();\n            // Object result = sol.solve(...);\n            \n            // 3. 按照题目要求的格式打印输出\n            // System.out.println(result);\n        }\n        */\n    }\n}', 2, 960, 0.00, '2026-05-08 23:52:12', '2026-05-08 23:52:12', 0);
INSERT INTO `problem_submission` VALUES (149, 3, 20, 'java', 'import java.util.*;\nimport java.io.*;\n\npublic class Solution {\n\n    /**\n     * 核心算法逻辑写在这里\n     */\n    public void solve() {\n        // TODO: 在这里编写你的算法逻辑\n        \n    }\n\n    /**\n     * CodeNexus ACM 模式程序入口\n     * 请在此处解析标准输入 (Standard Input) 并打印标准输出 (Standard Output)\n     */\n    public static void main(String[] args) {\n        Scanner scanner = new Scanner(System.in);\n        \n        // 示例：如果题目需要读取多行或特定格式的输入\n        /*\n        if (scanner.hasNextLine()) {\n            // 1. 读取并解析输入数据\n            String line = scanner.nextLine();\n            \n            // 2. 实例化并调用核心算法\n            Solution sol = new Solution();\n            // Object result = sol.solve(...);\n            \n            // 3. 按照题目要求的格式打印输出\n            // System.out.println(result);\n        }\n        */\n    }\n}', 2, 976, 0.00, '2026-05-08 23:52:25', '2026-05-08 23:52:25', 0);
INSERT INTO `problem_submission` VALUES (150, 3, 18, 'java', 'public class Solution {\n    public void solve() {\n        \n    }\n}', 5, 998, 0.00, '2026-05-09 00:05:47', '2026-05-09 00:05:47', 0);
INSERT INTO `problem_submission` VALUES (151, 2, 11, 'java', 'public class Solution {\n    public void solve() {\n        \n    }\n}', 5, 1268, 0.00, '2026-05-09 01:06:05', '2026-05-09 01:06:05', 0);
INSERT INTO `problem_submission` VALUES (152, 2, 6, 'java', 'public class Solution {\n    public void solve() {\n        \n    }\n}', 5, 1089, 0.00, '2026-05-09 01:11:55', '2026-05-09 01:11:55', 0);

-- ----------------------------
-- Table structure for problem_testcase
-- ----------------------------
DROP TABLE IF EXISTS `problem_testcase`;
CREATE TABLE `problem_testcase`  (
  `id` bigint NOT NULL AUTO_INCREMENT COMMENT '主键, 测试用例/检查点ID',
  `problem_id` bigint NOT NULL COMMENT '关联题目ID',
  `input_data` longtext CHARACTER SET utf8mb4 COLLATE utf8mb4_unicode_ci NOT NULL COMMENT '输入数据 (JSON 字符串或多行纯文本格式)',
  `expected_output` longtext CHARACTER SET utf8mb4 COLLATE utf8mb4_unicode_ci NOT NULL COMMENT '预期输出 (用于沙箱结果严格比对)',
  `is_public` tinyint NOT NULL DEFAULT 0 COMMENT '是否为公开示例: 0-隐藏测试用例(Hidden), 1-公开示例(Example)',
  `sort_order` int NOT NULL DEFAULT 0 COMMENT '执行顺序与展示排序权重',
  `create_time` datetime NOT NULL DEFAULT CURRENT_TIMESTAMP COMMENT '创建时间',
  `update_time` datetime NOT NULL DEFAULT CURRENT_TIMESTAMP ON UPDATE CURRENT_TIMESTAMP COMMENT '更新时间',
  `is_deleted` tinyint NOT NULL DEFAULT 0 COMMENT '逻辑删除(0-未删除, 1-已删除)',
  PRIMARY KEY (`id`) USING BTREE,
  INDEX `idx_problem_id`(`problem_id` ASC) USING BTREE
) ENGINE = InnoDB AUTO_INCREMENT = 59 CHARACTER SET = utf8mb4 COLLATE = utf8mb4_unicode_ci COMMENT = '题目测试用例检查点表' ROW_FORMAT = DYNAMIC;

-- ----------------------------
-- Records of problem_testcase
-- ----------------------------
INSERT INTO `problem_testcase` VALUES (1, 1, '[2,7,11,15]\n9', '[0,1]', 1, 0, '2026-03-28 21:30:14', '2026-05-08 15:51:53', 0);
INSERT INTO `problem_testcase` VALUES (2, 1, '[3,2,4]\n6', '[1,2]', 0, 2, '2026-03-28 21:30:14', '2026-03-28 21:30:14', 0);
INSERT INTO `problem_testcase` VALUES (3, 1, '[3,3]\n6', '[0,1]', 0, 2, '2026-03-28 21:30:14', '2026-05-08 01:40:34', 0);
INSERT INTO `problem_testcase` VALUES (4, 2, '2', '2', 1, 1, '2026-03-28 21:30:14', '2026-03-28 21:30:14', 0);
INSERT INTO `problem_testcase` VALUES (5, 2, '3', '3', 0, 2, '2026-03-28 21:30:14', '2026-03-28 21:30:14', 0);
INSERT INTO `problem_testcase` VALUES (6, 2, '1', '1', 0, 3, '2026-03-28 21:30:14', '2026-03-28 21:30:14', 0);
INSERT INTO `problem_testcase` VALUES (7, 2, '45', '1836311903', 0, 4, '2026-03-28 21:30:14', '2026-03-28 21:30:14', 0);
INSERT INTO `problem_testcase` VALUES (8, 3, '\"()[]{}\"', 'true', 1, 1, '2026-03-28 21:30:14', '2026-03-28 21:30:14', 0);
INSERT INTO `problem_testcase` VALUES (9, 3, '\"(]\"', 'false', 1, 2, '2026-03-28 21:30:14', '2026-03-28 21:30:14', 0);
INSERT INTO `problem_testcase` VALUES (10, 3, '\"([)]\"', 'false', 0, 3, '2026-03-28 21:30:14', '2026-03-28 21:30:14', 0);
INSERT INTO `problem_testcase` VALUES (11, 3, '\"{[]}\"', 'true', 0, 4, '2026-03-28 21:30:14', '2026-03-28 21:30:14', 0);
INSERT INTO `problem_testcase` VALUES (12, 3, '\"]\"', 'false', 0, 5, '2026-03-28 21:30:14', '2026-03-28 21:30:14', 0);
INSERT INTO `problem_testcase` VALUES (13, 4, '[1,2,3,4,5]', '[5,4,3,2,1]', 1, 1, '2026-03-28 21:30:14', '2026-03-28 21:30:14', 0);
INSERT INTO `problem_testcase` VALUES (14, 4, '[1,2]', '[2,1]', 1, 2, '2026-03-28 21:30:14', '2026-03-28 21:30:14', 0);
INSERT INTO `problem_testcase` VALUES (15, 4, '[]', '[]', 0, 3, '2026-03-28 21:30:14', '2026-03-28 21:30:14', 0);
INSERT INTO `problem_testcase` VALUES (16, 5, '[7,1,5,3,6,4]', '5', 1, 1, '2026-03-28 21:30:14', '2026-03-28 21:30:14', 0);
INSERT INTO `problem_testcase` VALUES (17, 5, '[7,6,4,3,1]', '0', 1, 2, '2026-03-28 21:30:14', '2026-03-28 21:30:14', 0);
INSERT INTO `problem_testcase` VALUES (18, 5, '[2,4,1]', '2', 0, 3, '2026-03-28 21:30:14', '2026-03-28 21:30:14', 0);
INSERT INTO `problem_testcase` VALUES (19, 5, '[1,2]', '1', 0, 4, '2026-03-28 21:30:14', '2026-03-28 21:30:14', 0);
INSERT INTO `problem_testcase` VALUES (20, 6, '[3,2,0,-4]\n1', 'true', 1, 1, '2026-03-28 21:30:14', '2026-03-28 21:30:14', 0);
INSERT INTO `problem_testcase` VALUES (21, 6, '[1,2]\n0', 'true', 1, 2, '2026-03-28 21:30:14', '2026-03-28 21:30:14', 0);
INSERT INTO `problem_testcase` VALUES (22, 6, '[1]\n-1', 'false', 0, 3, '2026-03-28 21:30:14', '2026-03-28 21:30:14', 0);
INSERT INTO `problem_testcase` VALUES (23, 7, '[1,null,2,3]', '[1,3,2]', 1, 1, '2026-03-28 21:30:14', '2026-03-28 21:30:14', 0);
INSERT INTO `problem_testcase` VALUES (24, 7, '[]', '[]', 1, 2, '2026-03-28 21:30:14', '2026-03-28 21:30:14', 0);
INSERT INTO `problem_testcase` VALUES (25, 7, '[1]', '[1]', 0, 3, '2026-03-28 21:30:14', '2026-03-28 21:30:14', 0);
INSERT INTO `problem_testcase` VALUES (26, 8, '\"11\"\n\"123\"', '\"134\"', 1, 1, '2026-03-28 21:30:14', '2026-03-28 21:30:14', 0);
INSERT INTO `problem_testcase` VALUES (27, 8, '\"456\"\n\"77\"', '\"533\"', 1, 2, '2026-03-28 21:30:14', '2026-03-28 21:30:14', 0);
INSERT INTO `problem_testcase` VALUES (28, 8, '\"0\"\n\"0\"', '\"0\"', 0, 3, '2026-03-28 21:30:14', '2026-03-28 21:30:14', 0);
INSERT INTO `problem_testcase` VALUES (29, 8, '\"999\"\n\"1\"', '\"1000\"', 0, 4, '2026-03-28 21:30:14', '2026-03-28 21:30:14', 0);
INSERT INTO `problem_testcase` VALUES (30, 9, '\"abcabcbb\"', '3', 1, 1, '2026-03-28 21:30:14', '2026-03-28 21:30:14', 0);
INSERT INTO `problem_testcase` VALUES (31, 9, '\"bbbbb\"', '1', 1, 2, '2026-03-28 21:30:14', '2026-03-28 21:30:14', 0);
INSERT INTO `problem_testcase` VALUES (32, 9, '\"pwwkew\"', '3', 0, 3, '2026-03-28 21:30:14', '2026-03-28 21:30:14', 0);
INSERT INTO `problem_testcase` VALUES (33, 9, '\" \"', '1', 0, 4, '2026-03-28 21:30:14', '2026-03-28 21:30:14', 0);
INSERT INTO `problem_testcase` VALUES (34, 10, '[[\"1\",\"1\",\"1\",\"1\",\"0\"],[\"1\",\"1\",\"0\",\"1\",\"0\"],[\"1\",\"1\",\"0\",\"0\",\"0\"],[\"0\",\"0\",\"0\",\"0\",\"0\"]]', '1', 1, 1, '2026-03-28 21:30:14', '2026-03-28 21:30:14', 0);
INSERT INTO `problem_testcase` VALUES (35, 10, '[[\"1\",\"1\",\"0\",\"0\",\"0\"],[\"1\",\"1\",\"0\",\"0\",\"0\"],[\"0\",\"0\",\"1\",\"0\",\"0\"],[\"0\",\"0\",\"0\",\"1\",\"1\"]]', '3', 0, 2, '2026-03-28 21:30:14', '2026-03-28 21:30:14', 0);
INSERT INTO `problem_testcase` VALUES (36, 11, '[[1,2,3],[4,5,6],[7,8,9]]', '[1,2,3,6,9,8,7,4,5]', 1, 0, '2026-03-28 21:30:14', '2026-05-07 14:11:15', 0);
INSERT INTO `problem_testcase` VALUES (37, 11, '[[1,2,3,4],[5,6,7,8],[9,10,11,12]]', '[1,2,3,4,8,12,11,10,9,5,6,7]', 0, 2, '2026-03-28 21:30:14', '2026-03-28 21:30:14', 0);
INSERT INTO `problem_testcase` VALUES (38, 12, '[1,2,3]', '[[1,2,3],[1,3,2],[2,1,3],[2,3,1],[3,1,2],[3,2,1]]', 1, 1, '2026-03-28 21:30:14', '2026-03-28 21:30:14', 0);
INSERT INTO `problem_testcase` VALUES (39, 12, '[0,1]', '[[0,1],[1,0]]', 0, 2, '2026-03-28 21:30:14', '2026-03-28 21:30:14', 0);
INSERT INTO `problem_testcase` VALUES (40, 12, '[1]', '[[1]]', 0, 3, '2026-03-28 21:30:14', '2026-03-28 21:30:14', 0);
INSERT INTO `problem_testcase` VALUES (41, 13, '[1,2,5]\n11', '3', 1, 1, '2026-03-28 21:30:14', '2026-03-28 21:30:14', 0);
INSERT INTO `problem_testcase` VALUES (42, 13, '[2]\n3', '-1', 1, 2, '2026-03-28 21:30:14', '2026-03-28 21:30:14', 0);
INSERT INTO `problem_testcase` VALUES (43, 13, '[1]\n0', '0', 0, 3, '2026-03-28 21:30:14', '2026-03-28 21:30:14', 0);
INSERT INTO `problem_testcase` VALUES (44, 14, '[10,9,2,5,3,7,101,18]', '4', 1, 1, '2026-03-28 21:30:14', '2026-03-28 21:30:14', 0);
INSERT INTO `problem_testcase` VALUES (45, 14, '[0,1,0,3,2,3]', '4', 1, 2, '2026-03-28 21:30:14', '2026-03-28 21:30:14', 0);
INSERT INTO `problem_testcase` VALUES (46, 14, '[7,7,7,7,7,7,7]', '1', 0, 3, '2026-03-28 21:30:14', '2026-03-28 21:30:14', 0);
INSERT INTO `problem_testcase` VALUES (47, 15, '[\"LRUCache\",\"put\",\"put\",\"get\",\"put\",\"get\",\"put\",\"get\",\"get\",\"get\"]\n[[2],[1,1],[2,2],[1],[3,3],[2],[4,4],[1],[3],[4]]', '[null,null,null,1,null,-1,null,-1,3,4]', 1, 1, '2026-03-28 21:30:14', '2026-03-28 21:30:14', 0);
INSERT INTO `problem_testcase` VALUES (48, 16, '[3,2,1,5,6,4]\n2', '5', 1, 1, '2026-03-28 21:30:14', '2026-03-28 21:30:14', 0);
INSERT INTO `problem_testcase` VALUES (49, 16, '[3,2,3,1,2,4,5,5,6]\n4', '4', 0, 2, '2026-03-28 21:30:14', '2026-03-28 21:30:14', 0);
INSERT INTO `problem_testcase` VALUES (50, 17, '[3,5,1,6,2,0,8,null,null,7,4]\n5\n1', '3', 1, 1, '2026-03-28 21:30:14', '2026-03-28 21:30:14', 0);
INSERT INTO `problem_testcase` VALUES (51, 17, '[3,5,1,6,2,0,8,null,null,7,4]\n5\n4', '5', 0, 2, '2026-03-28 21:30:14', '2026-03-28 21:30:14', 0);
INSERT INTO `problem_testcase` VALUES (52, 18, '[0,1,0,2,1,0,1,3,2,1,2,1]', '6', 1, 1, '2026-03-28 21:30:14', '2026-03-28 21:30:14', 0);
INSERT INTO `problem_testcase` VALUES (53, 18, '[4,2,0,3,2,5]', '9', 0, 2, '2026-03-28 21:30:14', '2026-03-28 21:30:14', 0);
INSERT INTO `problem_testcase` VALUES (54, 19, '[[1,4,5],[1,3,4],[2,6]]', '[1,1,2,3,4,4,5,6]', 1, 1, '2026-03-28 21:30:14', '2026-03-28 21:30:14', 0);
INSERT INTO `problem_testcase` VALUES (55, 19, '[]', '[]', 1, 2, '2026-03-28 21:30:14', '2026-03-28 21:30:14', 0);
INSERT INTO `problem_testcase` VALUES (56, 19, '[[]]', '[]', 0, 3, '2026-03-28 21:30:14', '2026-03-28 21:30:14', 0);
INSERT INTO `problem_testcase` VALUES (57, 20, '4', '[[\".Q..\",\"...Q\",\"Q...\",\"..Q.\"],[\"..Q.\",\"Q...\",\"...Q\",\".Q..\"]]', 1, 1, '2026-03-28 21:30:14', '2026-03-28 21:30:14', 0);
INSERT INTO `problem_testcase` VALUES (58, 20, '1', '[[\"Q\"]]', 0, 2, '2026-03-28 21:30:14', '2026-03-28 21:30:14', 0);

-- ----------------------------
-- Table structure for user
-- ----------------------------
DROP TABLE IF EXISTS `user`;
CREATE TABLE `user`  (
  `id` bigint NOT NULL AUTO_INCREMENT COMMENT '主键, 用户ID',
  `username` varchar(64) CHARACTER SET utf8mb4 COLLATE utf8mb4_unicode_ci NOT NULL COMMENT '登录账号',
  `password_hash` varchar(128) CHARACTER SET utf8mb4 COLLATE utf8mb4_unicode_ci NOT NULL COMMENT '密码哈希值 (绝对禁止明文)',
  `salt` varchar(32) CHARACTER SET utf8mb4 COLLATE utf8mb4_unicode_ci NOT NULL COMMENT '密码加密盐值',
  `role` varchar(32) CHARACTER SET utf8mb4 COLLATE utf8mb4_unicode_ci NOT NULL DEFAULT 'USER' COMMENT '角色权限 (USER/ADMIN)',
  `nickname` varchar(64) CHARACTER SET utf8mb4 COLLATE utf8mb4_unicode_ci NULL DEFAULT NULL COMMENT '用户昵称',
  `avatar_url` varchar(255) CHARACTER SET utf8mb4 COLLATE utf8mb4_unicode_ci NULL DEFAULT NULL COMMENT '头像URL',
  `bio` varchar(500) CHARACTER SET utf8mb4 COLLATE utf8mb4_unicode_ci NULL DEFAULT NULL COMMENT '个人简介',
  `email` varchar(128) CHARACTER SET utf8mb4 COLLATE utf8mb4_unicode_ci NULL DEFAULT NULL COMMENT '绑定邮箱',
  `phone` varchar(32) CHARACTER SET utf8mb4 COLLATE utf8mb4_unicode_ci NULL DEFAULT NULL COMMENT '绑定手机号',
  `create_time` datetime NOT NULL DEFAULT CURRENT_TIMESTAMP COMMENT '创建时间',
  `update_time` datetime NOT NULL DEFAULT CURRENT_TIMESTAMP ON UPDATE CURRENT_TIMESTAMP COMMENT '更新时间',
  `is_deleted` tinyint NOT NULL DEFAULT 0 COMMENT '逻辑删除(0-未删除, 1-已删除)',
  `global_rank` int NULL DEFAULT 9999 COMMENT '全站全球排名',
  `rating_score` int NOT NULL DEFAULT 1500 COMMENT '战力积分/天梯分(默认1500)',
  `win_rate` int NULL DEFAULT 0 COMMENT '对战胜率 (0-100)',
  PRIMARY KEY (`id`) USING BTREE,
  UNIQUE INDEX `uk_username`(`username` ASC) USING BTREE,
  UNIQUE INDEX `uk_email`(`email` ASC) USING BTREE,
  UNIQUE INDEX `uk_phone`(`phone` ASC) USING BTREE,
  INDEX `idx_rating_score`(`rating_score` DESC) USING BTREE,
  INDEX `idx_rating_id`(`rating_score` DESC, `id` ASC) USING BTREE
) ENGINE = InnoDB AUTO_INCREMENT = 15 CHARACTER SET = utf8mb4 COLLATE = utf8mb4_unicode_ci COMMENT = '用户核心基础表' ROW_FORMAT = Dynamic;

-- ----------------------------
-- Records of user
-- ----------------------------
INSERT INTO `user` VALUES (2, 'xunyu1', 'a331e9df156819986da84174242ae2cb', '453152e8854f4a9ba963b5f181d17416', 'user', 'xunyu', 'https://api.dicebear.com/7.x/avataaars/svg?seed=Jack', '测试账户', 'ovozhishi@gmail.com', '17876175864', '2026-03-01 19:47:58', '2026-05-08 18:24:29', 0, 3, 3781, 38);
INSERT INTO `user` VALUES (3, 'xunyu', '5973e01395bf0e52d36552b96701bc11', 'b299131bcf7f4b3a817b3ae6f192cd71', 'user', 'zjy', 'https://api.dicebear.com/7.x/avataaars/svg?seed=Kevin', '这是一段简介', 'reasoning19@gmail.com', '13428228306', '2026-03-02 02:39:58', '2026-05-08 18:24:29', 0, 2, 3974, 62);
INSERT INTO `user` VALUES (4, 'bot_001', 'mock_hash_001', 'mock_salt', 'admin', '算法之神', 'https://api.dicebear.com/7.x/adventurer/svg?seed=bot001', NULL, NULL, NULL, '2026-03-03 16:47:55', '2026-05-06 16:30:05', 0, 7, 3250, 88);
INSERT INTO `user` VALUES (5, 'bot_002', 'mock_hash_002', 'mock_salt', 'user', '键盘破坏者', 'https://api.dicebear.com/7.x/adventurer/svg?seed=bot002', NULL, NULL, NULL, '2026-03-03 16:47:55', '2026-05-08 22:00:00', 0, 5, 3350, 75);
INSERT INTO `user` VALUES (6, 'bot_003', 'mock_hash_003', 'mock_salt', 'user', 'C++狂魔', 'https://api.dicebear.com/7.x/adventurer/svg?seed=bot003', NULL, NULL, NULL, '2026-03-03 16:47:55', '2026-05-06 16:30:05', 0, 1, 4000, 68);
INSERT INTO `user` VALUES (7, 'bot_004', 'mock_hash_004', 'mock_salt', 'user', '凌晨四点的Bug', 'https://api.dicebear.com/7.x/adventurer/svg?seed=bot004', NULL, NULL, NULL, '2026-03-03 16:47:55', '2026-05-08 22:00:00', 0, 4, 3500, 60);
INSERT INTO `user` VALUES (8, 'bot_005', 'mock_hash_005', 'mock_salt', 'ban', '卷王之王', 'https://api.dicebear.com/7.x/adventurer/svg?seed=bot005', NULL, NULL, NULL, '2026-03-03 16:47:55', '2026-05-06 16:30:05', 0, 4, 3700, 72);
INSERT INTO `user` VALUES (9, 'bot_006', 'mock_hash_006', 'mock_salt', 'user', '摸鱼达人', 'https://api.dicebear.com/7.x/adventurer/svg?seed=bot006', NULL, NULL, NULL, '2026-03-03 16:47:55', '2026-05-08 22:00:00', 0, 6, 2800, 55);
INSERT INTO `user` VALUES (10, 'bot_007', 'mock_hash_007', 'mock_salt', 'user', '代码搬运工', 'https://api.dicebear.com/7.x/adventurer/svg?seed=bot007', NULL, NULL, NULL, '2026-03-03 16:47:55', '2026-05-08 22:00:00', 0, 7, 1950, 52);
INSERT INTO `user` VALUES (11, 'bot_008', 'mock_hash_008', 'mock_salt', 'ban', '报错观察员', 'https://api.dicebear.com/7.x/adventurer/svg?seed=bot008', NULL, NULL, NULL, '2026-03-03 16:47:55', '2026-05-06 16:30:05', 0, 9, 2200, 48);
INSERT INTO `user` VALUES (12, 'bot_009', 'mock_hash_009', 'mock_salt', 'user', '刚学Java', 'https://api.dicebear.com/7.x/adventurer/svg?seed=bot009', NULL, NULL, NULL, '2026-03-03 16:47:55', '2026-05-08 22:00:00', 0, 8, 1600, 45);
INSERT INTO `user` VALUES (13, 'bot_010', 'mock_hash_010', 'mock_salt', 'user', '绝地反击', 'https://api.dicebear.com/7.x/adventurer/svg?seed=bot010', NULL, NULL, NULL, '2026-03-03 16:47:55', '2026-05-08 22:00:00', 0, 9, 1450, 40);
INSERT INTO `user` VALUES (14, 'admin', '4a657447155a450b87ff17340572c8d0', 'f3db4fd2d3a64cf2b1bb138669345424', 'admin', 'admin', 'https://api.dicebear.com/7.x/avataaars/svg?seed=Felix', NULL, NULL, NULL, '2026-05-07 00:15:00', '2026-05-07 13:32:57', 0, 12, 1505, 0);

-- ----------------------------
-- Table structure for user_activity_log
-- ----------------------------
DROP TABLE IF EXISTS `user_activity_log`;
CREATE TABLE `user_activity_log`  (
  `id` bigint NOT NULL AUTO_INCREMENT COMMENT '主键',
  `user_id` bigint NOT NULL COMMENT '关联用户ID',
  `activity_date` date NOT NULL COMMENT '活动日期 (YYYY-MM-DD)',
  `ac_count` int NOT NULL DEFAULT 0 COMMENT '当日AC题目去重总数',
  `is_checkin` tinyint NOT NULL DEFAULT 0 COMMENT '当日是否已打卡(0-否, 1-是)',
  `score_change` int NOT NULL DEFAULT 0 COMMENT '当日排位分净变化量 (+/-)',
  `create_time` datetime NOT NULL DEFAULT CURRENT_TIMESTAMP COMMENT '创建时间',
  `update_time` datetime NOT NULL DEFAULT CURRENT_TIMESTAMP ON UPDATE CURRENT_TIMESTAMP COMMENT '更新时间',
  `is_deleted` tinyint NOT NULL DEFAULT 0 COMMENT '逻辑删除(0-未删除, 1-已删除)',
  PRIMARY KEY (`id`) USING BTREE,
  UNIQUE INDEX `uk_user_date`(`user_id` ASC, `activity_date` ASC) USING BTREE COMMENT '联合唯一索引，方便实现 ON DUPLICATE KEY UPDATE'
) ENGINE = InnoDB AUTO_INCREMENT = 60 CHARACTER SET = utf8mb4 COLLATE = utf8mb4_unicode_ci COMMENT = '用户每日活跃度日志表' ROW_FORMAT = Dynamic;

-- ----------------------------
-- Records of user_activity_log
-- ----------------------------
INSERT INTO `user_activity_log` VALUES (3, 3, '2026-01-01', 1, 1, 10, '2026-03-07 12:05:14', '2026-03-07 12:05:14', 0);
INSERT INTO `user_activity_log` VALUES (4, 3, '2026-01-02', 2, 1, 15, '2026-03-07 12:05:14', '2026-03-07 12:05:14', 0);
INSERT INTO `user_activity_log` VALUES (5, 3, '2026-01-03', 6, 1, 35, '2026-03-07 12:05:14', '2026-03-07 12:05:14', 0);
INSERT INTO `user_activity_log` VALUES (6, 3, '2026-01-04', 0, 1, 5, '2026-03-07 12:05:14', '2026-03-07 12:05:14', 0);
INSERT INTO `user_activity_log` VALUES (7, 3, '2026-01-05', 1, 1, 10, '2026-03-07 12:05:14', '2026-03-07 12:05:14', 0);
INSERT INTO `user_activity_log` VALUES (8, 3, '2026-01-08', 2, 1, 15, '2026-03-07 12:05:14', '2026-03-07 12:05:14', 0);
INSERT INTO `user_activity_log` VALUES (9, 3, '2026-01-09', 3, 0, 15, '2026-03-07 12:05:14', '2026-03-07 12:05:14', 0);
INSERT INTO `user_activity_log` VALUES (10, 3, '2026-01-10', 9, 1, 50, '2026-03-07 12:05:14', '2026-03-07 12:05:14', 0);
INSERT INTO `user_activity_log` VALUES (11, 3, '2026-01-11', 0, 1, 5, '2026-03-07 12:05:14', '2026-03-07 12:05:14', 0);
INSERT INTO `user_activity_log` VALUES (12, 3, '2026-01-15', 1, 1, 10, '2026-03-07 12:05:14', '2026-03-07 12:05:14', 0);
INSERT INTO `user_activity_log` VALUES (13, 3, '2026-01-16', 0, 1, 5, '2026-03-07 12:05:14', '2026-03-07 12:05:14', 0);
INSERT INTO `user_activity_log` VALUES (14, 3, '2026-01-17', 2, 1, 15, '2026-03-07 12:05:14', '2026-03-07 12:05:14', 0);
INSERT INTO `user_activity_log` VALUES (15, 3, '2026-01-20', 0, 1, 5, '2026-03-07 12:05:14', '2026-03-07 12:05:14', 0);
INSERT INTO `user_activity_log` VALUES (16, 3, '2026-01-25', 2, 1, 15, '2026-03-07 12:05:14', '2026-03-07 12:05:14', 0);
INSERT INTO `user_activity_log` VALUES (17, 3, '2026-01-26', 4, 1, 25, '2026-03-07 12:05:14', '2026-03-07 12:05:14', 0);
INSERT INTO `user_activity_log` VALUES (18, 3, '2026-01-27', 3, 1, 20, '2026-03-07 12:05:14', '2026-03-07 12:05:14', 0);
INSERT INTO `user_activity_log` VALUES (19, 3, '2026-02-01', 0, 1, 5, '2026-03-07 12:05:14', '2026-03-07 12:05:14', 0);
INSERT INTO `user_activity_log` VALUES (20, 3, '2026-02-02', 1, 1, 10, '2026-03-07 12:05:14', '2026-03-07 12:05:14', 0);
INSERT INTO `user_activity_log` VALUES (21, 3, '2026-02-03', 1, 1, 10, '2026-03-07 12:05:14', '2026-03-07 12:05:14', 0);
INSERT INTO `user_activity_log` VALUES (22, 3, '2026-02-04', 1, 1, 10, '2026-03-07 12:05:14', '2026-03-07 12:05:14', 0);
INSERT INTO `user_activity_log` VALUES (23, 3, '2026-02-05', 7, 1, 40, '2026-03-07 12:05:14', '2026-03-07 12:05:14', 0);
INSERT INTO `user_activity_log` VALUES (24, 3, '2026-02-10', 0, 1, 5, '2026-03-07 12:05:14', '2026-03-07 12:05:14', 0);
INSERT INTO `user_activity_log` VALUES (25, 3, '2026-02-14', 2, 1, 15, '2026-03-07 12:05:14', '2026-03-07 12:05:14', 0);
INSERT INTO `user_activity_log` VALUES (26, 3, '2026-02-15', 0, 1, 5, '2026-03-07 12:05:14', '2026-03-07 12:05:14', 0);
INSERT INTO `user_activity_log` VALUES (27, 3, '2026-02-20', 4, 1, 25, '2026-03-07 12:05:14', '2026-03-07 12:05:14', 0);
INSERT INTO `user_activity_log` VALUES (28, 3, '2026-02-21', 5, 1, 30, '2026-03-07 12:05:14', '2026-03-07 12:05:14', 0);
INSERT INTO `user_activity_log` VALUES (29, 3, '2026-02-22', 1, 1, 10, '2026-03-07 12:05:14', '2026-03-07 12:05:14', 0);
INSERT INTO `user_activity_log` VALUES (30, 3, '2026-03-01', 0, 1, 5, '2026-03-07 12:05:14', '2026-03-07 12:05:14', 0);
INSERT INTO `user_activity_log` VALUES (31, 3, '2026-03-02', 1, 1, 10, '2026-03-07 12:05:14', '2026-03-07 12:05:14', 0);
INSERT INTO `user_activity_log` VALUES (32, 3, '2026-03-03', 2, 1, 15, '2026-03-07 12:05:14', '2026-03-07 12:05:14', 0);
INSERT INTO `user_activity_log` VALUES (33, 3, '2026-03-06', 0, 1, 5, '2026-03-07 12:05:14', '2026-03-07 12:05:14', 0);
INSERT INTO `user_activity_log` VALUES (34, 3, '2026-03-07', 1, 1, 10, '2026-03-07 12:05:14', '2026-03-07 12:05:14', 0);
INSERT INTO `user_activity_log` VALUES (35, 3, '2026-03-12', 0, 1, 5, '2026-03-11 18:57:24', '2026-03-11 18:57:24', 0);
INSERT INTO `user_activity_log` VALUES (36, 3, '2026-03-28', 0, 1, 5, '2026-03-28 14:44:23', '2026-03-28 14:44:23', 0);
INSERT INTO `user_activity_log` VALUES (37, 3, '2026-03-29', 0, 1, 5, '2026-03-28 22:23:33', '2026-03-28 22:23:33', 0);
INSERT INTO `user_activity_log` VALUES (38, 2, '2026-03-30', 0, 1, 5, '2026-03-29 21:44:50', '2026-03-29 21:44:50', 0);
INSERT INTO `user_activity_log` VALUES (39, 3, '2026-03-30', 0, 1, 5, '2026-03-29 22:26:46', '2026-03-29 22:26:46', 0);
INSERT INTO `user_activity_log` VALUES (40, 3, '2026-03-31', 0, 1, 5, '2026-03-31 13:02:48', '2026-03-31 13:02:48', 0);
INSERT INTO `user_activity_log` VALUES (41, 2, '2026-03-31', 0, 1, 5, '2026-03-31 13:06:44', '2026-03-31 13:06:44', 0);
INSERT INTO `user_activity_log` VALUES (42, 3, '2026-04-01', 0, 1, 5, '2026-03-31 22:21:45', '2026-03-31 22:21:45', 0);
INSERT INTO `user_activity_log` VALUES (43, 2, '2026-04-01', 0, 1, 5, '2026-03-31 22:23:00', '2026-03-31 22:23:00', 0);
INSERT INTO `user_activity_log` VALUES (44, 2, '2026-04-03', 0, 1, -156, '2026-04-02 17:07:55', '2026-04-03 03:45:37', 0);
INSERT INTO `user_activity_log` VALUES (45, 3, '2026-04-03', 3, 1, -154, '2026-04-02 17:41:17', '2026-04-03 03:45:37', 0);
INSERT INTO `user_activity_log` VALUES (46, 2, '2026-04-04', 1, 1, -4, '2026-04-04 02:11:30', '2026-04-03 18:21:01', 0);
INSERT INTO `user_activity_log` VALUES (47, 3, '2026-04-04', 0, 1, 14, '2026-04-04 02:16:52', '2026-04-03 18:21:01', 0);
INSERT INTO `user_activity_log` VALUES (48, 3, '2026-04-13', 2, 1, -5, '2026-04-13 01:40:49', '2026-04-12 18:38:28', 0);
INSERT INTO `user_activity_log` VALUES (49, 2, '2026-04-13', 0, 0, -10, '2026-04-13 01:56:44', '2026-04-13 01:56:44', 0);
INSERT INTO `user_activity_log` VALUES (50, 2, '2026-04-15', 0, 0, -29, '2026-04-15 12:26:44', '2026-04-15 04:46:14', 0);
INSERT INTO `user_activity_log` VALUES (51, 3, '2026-04-15', 0, 0, -31, '2026-04-15 12:26:44', '2026-04-15 04:37:25', 0);
INSERT INTO `user_activity_log` VALUES (52, 3, '2026-05-06', 0, 1, 5, '2026-05-06 12:13:25', '2026-05-06 12:13:25', 0);
INSERT INTO `user_activity_log` VALUES (53, 14, '2026-05-07', 0, 1, 5, '2026-05-07 00:28:22', '2026-05-07 00:28:22', 0);
INSERT INTO `user_activity_log` VALUES (54, 3, '2026-05-07', 2, 1, 5, '2026-05-07 01:21:11', '2026-05-07 03:40:32', 0);
INSERT INTO `user_activity_log` VALUES (55, 2, '2026-05-07', 3, 1, 5, '2026-05-07 16:26:57', '2026-05-07 09:13:37', 0);
INSERT INTO `user_activity_log` VALUES (56, 2, '2026-05-08', 0, 1, 8, '2026-05-08 13:41:37', '2026-05-08 12:59:59', 0);
INSERT INTO `user_activity_log` VALUES (57, 3, '2026-05-08', 2, 1, -58, '2026-05-08 13:41:48', '2026-05-08 12:59:58', 0);
INSERT INTO `user_activity_log` VALUES (58, 2, '2026-05-09', 0, 0, -39, '2026-05-09 01:06:33', '2026-05-08 18:24:29', 0);
INSERT INTO `user_activity_log` VALUES (59, 3, '2026-05-09', 0, 1, 44, '2026-05-09 01:06:33', '2026-05-08 18:24:29', 0);

-- ----------------------------
-- Table structure for user_login_log
-- ----------------------------
DROP TABLE IF EXISTS `user_login_log`;
CREATE TABLE `user_login_log`  (
  `id` bigint NOT NULL AUTO_INCREMENT COMMENT '主键',
  `user_id` bigint NOT NULL COMMENT '登录的用户ID',
  `login_ip` varchar(64) CHARACTER SET utf8mb4 COLLATE utf8mb4_unicode_ci NULL DEFAULT NULL COMMENT '登录IP地址',
  `login_device` varchar(255) CHARACTER SET utf8mb4 COLLATE utf8mb4_unicode_ci NULL DEFAULT NULL COMMENT '登录设备/User-Agent',
  `login_status` tinyint NOT NULL DEFAULT 1 COMMENT '登录状态(1-成功, 0-失败)',
  `fail_reason` varchar(128) CHARACTER SET utf8mb4 COLLATE utf8mb4_unicode_ci NULL DEFAULT NULL COMMENT '失败原因',
  `create_time` datetime NOT NULL DEFAULT CURRENT_TIMESTAMP COMMENT '登录时间(即创建时间)',
  `update_time` datetime NOT NULL DEFAULT CURRENT_TIMESTAMP ON UPDATE CURRENT_TIMESTAMP COMMENT '更新时间',
  `is_deleted` tinyint NOT NULL DEFAULT 0 COMMENT '逻辑删除(0-未删除, 1-已删除)',
  PRIMARY KEY (`id`) USING BTREE,
  INDEX `idx_user_id`(`user_id` ASC) USING BTREE,
  INDEX `idx_create_time`(`create_time` ASC) USING BTREE
) ENGINE = InnoDB AUTO_INCREMENT = 1 CHARACTER SET = utf8mb4 COLLATE = utf8mb4_unicode_ci COMMENT = '用户登录日志表' ROW_FORMAT = Dynamic;

-- ----------------------------
-- Records of user_login_log
-- ----------------------------

-- ----------------------------
-- Table structure for user_preference
-- ----------------------------
DROP TABLE IF EXISTS `user_preference`;
CREATE TABLE `user_preference`  (
  `id` bigint NOT NULL AUTO_INCREMENT COMMENT '主键',
  `user_id` bigint NOT NULL COMMENT '关联的用户ID',
  `editor_theme` varchar(32) CHARACTER SET utf8mb4 COLLATE utf8mb4_unicode_ci NOT NULL DEFAULT 'zeekr-dark' COMMENT '代码编辑器主题',
  `font_size` int NOT NULL DEFAULT 14 COMMENT '编辑器字体大小',
  `system_notifications` tinyint NOT NULL DEFAULT 1 COMMENT '是否开启系统通知(1-开启, 0-关闭)',
  `extra_settings` json NULL COMMENT '扩展偏好设置(JSON格式, 预留给前端自由扩展)',
  `create_time` datetime NOT NULL DEFAULT CURRENT_TIMESTAMP COMMENT '创建时间',
  `update_time` datetime NOT NULL DEFAULT CURRENT_TIMESTAMP ON UPDATE CURRENT_TIMESTAMP COMMENT '更新时间',
  `is_deleted` tinyint NOT NULL DEFAULT 0 COMMENT '逻辑删除(0-未删除, 1-已删除)',
  PRIMARY KEY (`id`) USING BTREE,
  UNIQUE INDEX `uk_user_id`(`user_id` ASC) USING BTREE COMMENT '一个用户只有一条偏好记录'
) ENGINE = InnoDB AUTO_INCREMENT = 1 CHARACTER SET = utf8mb4 COLLATE = utf8mb4_unicode_ci COMMENT = '用户偏好设置表' ROW_FORMAT = Dynamic;

-- ----------------------------
-- Records of user_preference
-- ----------------------------

-- ----------------------------
-- Table structure for user_problem_state
-- ----------------------------
DROP TABLE IF EXISTS `user_problem_state`;
CREATE TABLE `user_problem_state`  (
  `id` bigint NOT NULL AUTO_INCREMENT COMMENT '主键',
  `user_id` bigint NOT NULL COMMENT '用户ID',
  `problem_id` bigint NOT NULL COMMENT '题目ID',
  `state` tinyint NOT NULL DEFAULT 0 COMMENT '解答状态: 1-尝试过未通过(WA/TLE等), 2-已通过(AC)',
  `create_time` datetime NOT NULL DEFAULT CURRENT_TIMESTAMP COMMENT '首次尝试时间',
  `update_time` datetime NOT NULL DEFAULT CURRENT_TIMESTAMP ON UPDATE CURRENT_TIMESTAMP COMMENT '最后状态更新时间',
  `is_deleted` tinyint NOT NULL DEFAULT 0 COMMENT '逻辑删除(0-未删除, 1-已删除)',
  PRIMARY KEY (`id`) USING BTREE,
  UNIQUE INDEX `uk_user_problem`(`user_id` ASC, `problem_id` ASC) USING BTREE,
  INDEX `idx_problem_id`(`problem_id` ASC) USING BTREE
) ENGINE = InnoDB AUTO_INCREMENT = 13 CHARACTER SET = utf8mb4 COLLATE = utf8mb4_unicode_ci COMMENT = '用户题目状态缓存表' ROW_FORMAT = Dynamic;

-- ----------------------------
-- Records of user_problem_state
-- ----------------------------
INSERT INTO `user_problem_state` VALUES (1, 3, 1, 2, '2026-03-29 10:30:00', '2026-03-29 10:30:00', 0);
INSERT INTO `user_problem_state` VALUES (2, 3, 2, 2, '2026-03-29 10:45:00', '2026-03-29 10:45:00', 0);
INSERT INTO `user_problem_state` VALUES (3, 2, 1, 2, '2026-04-01 06:53:46', '2026-04-01 06:53:46', 0);
INSERT INTO `user_problem_state` VALUES (4, 3, 20, 2, '2026-04-03 10:56:08', '2026-04-03 10:56:08', 0);
INSERT INTO `user_problem_state` VALUES (5, 3, 19, 2, '2026-04-03 11:00:42', '2026-04-03 11:00:42', 0);
INSERT INTO `user_problem_state` VALUES (6, 3, 18, 2, '2026-04-03 11:03:44', '2026-04-03 11:03:44', 0);
INSERT INTO `user_problem_state` VALUES (7, 3, 8, 2, '2026-04-03 11:45:37', '2026-04-03 11:45:37', 0);
INSERT INTO `user_problem_state` VALUES (8, 3, 15, 2, '2026-04-13 01:56:44', '2026-04-13 01:56:44', 0);
INSERT INTO `user_problem_state` VALUES (9, 2, 21, 2, '2026-05-07 16:26:57', '2026-05-07 16:26:57', 0);
INSERT INTO `user_problem_state` VALUES (10, 2, 22, 2, '2026-05-07 16:59:46', '2026-05-07 16:59:46', 0);
INSERT INTO `user_problem_state` VALUES (11, 2, 23, 2, '2026-05-07 17:08:59', '2026-05-07 17:08:59', 0);
INSERT INTO `user_problem_state` VALUES (12, 3, 3, 2, '2026-05-08 20:20:03', '2026-05-08 20:20:03', 0);

-- ----------------------------
-- Table structure for user_statistics
-- ----------------------------
DROP TABLE IF EXISTS `user_statistics`;
CREATE TABLE `user_statistics`  (
  `id` bigint NOT NULL AUTO_INCREMENT COMMENT '主键',
  `user_id` bigint NOT NULL COMMENT '关联用户ID',
  `solved_count` int NOT NULL DEFAULT 0 COMMENT '已解决(AC)的题目总数',
  `continuous_checkin_days` int NOT NULL DEFAULT 0 COMMENT '当前连续打卡天数',
  `last_checkin_date` date NULL DEFAULT NULL COMMENT '最后一次打卡日期',
  `create_time` datetime NOT NULL DEFAULT CURRENT_TIMESTAMP COMMENT '创建时间',
  `update_time` datetime NOT NULL DEFAULT CURRENT_TIMESTAMP ON UPDATE CURRENT_TIMESTAMP COMMENT '更新时间',
  `is_deleted` tinyint NOT NULL DEFAULT 0 COMMENT '逻辑删除(0-未删除, 1-已删除)',
  `arena_score` int NOT NULL DEFAULT 1000 COMMENT '天梯排位分数 (初始1000)',
  `arena_matches` int NOT NULL DEFAULT 0 COMMENT '天梯总对局数',
  `arena_wins` int NOT NULL DEFAULT 0 COMMENT '天梯获胜场数',
  PRIMARY KEY (`id`) USING BTREE,
  UNIQUE INDEX `uk_user_id`(`user_id` ASC) USING BTREE COMMENT '一个用户只有一条统计记录'
) ENGINE = InnoDB AUTO_INCREMENT = 5 CHARACTER SET = utf8mb4 COLLATE = utf8mb4_unicode_ci COMMENT = '用户统计扩展表' ROW_FORMAT = Dynamic;

-- ----------------------------
-- Records of user_statistics
-- ----------------------------
INSERT INTO `user_statistics` VALUES (1, 3, 8, 4, '2026-05-09', '2026-03-06 19:57:01', '2026-05-08 18:24:29', 0, 3974, 55, 34);
INSERT INTO `user_statistics` VALUES (3, 2, 4, 2, '2026-05-08', '2026-03-30 05:44:50', '2026-05-08 18:24:29', 0, 3781, 55, 21);
INSERT INTO `user_statistics` VALUES (4, 14, 0, 1, '2026-05-07', '2026-05-06 16:28:22', '2026-05-06 16:28:22', 0, 1000, 0, 0);

SET FOREIGN_KEY_CHECKS = 1;
